regime,subject,mean_pi,mean_theta,mean_chi,mean_debt_q,mean_stress,stress_sd,decode_acc,balanced_decode_acc,posterior_entropy,silhouette,plv,pac,phase_slip_rate,boundary_phase_slip_rate,loop_instability,boundary_loop_instability,transition_latency,rest_to_task_latency,task_to_rest_latency,hysteresis,task_dwell,update_failure_rate,perseveration_after_switch,hysteresis_abs,z_balanced_decode_acc,z_silhouette,z_plv,z_pac,z_posterior_entropy,z_phase_slip_rate,z_boundary_phase_slip_rate,z_loop_instability,z_boundary_loop_instability,z_transition_latency,z_update_failure_rate,z_perseveration_after_switch,z_hysteresis_abs,stability_support_index,instability_index,transition_burden_index,precision_phase_margin,adaptive_margin,flexibility_index,above_adaptive_crit
balanced,0,0.37881873551805445,0.4482905912611138,0.6763466157717484,1.525515949407925,0.020318829439356565,0.9505058668334685,0.85,0.6493442622950819,0.3101234115025527,0.05328978029175754,0.44447570608296,0.0034177656914315575,0.12092644320297952,0.13935185185185184,0.7606355944651226,0.7913549350334752,8.222222222222221,2.0,0.0,2.0,6.25,0.2222222222222222,0.4444444444444444,2.0,0.19921040505864074,0.7266784032352297,0.3847681128987079,0.07942994476892225,-1.3950095033233405,-0.7125539391189529,-0.7273542997861044,-0.7612618658437813,-0.7664155799297697,0.32573427005048256,0.8109792935637573,-1.161804953634436,-1.0786711228265042,0.3475217164903751,-0.8725190376003897,-0.2759406282116751,1.220040754090765,1.49598138230244,0.2759406282116751,False
balanced,1,0.44182196554945374,0.44544695817480456,0.6789802158974605,1.5301309910542416,0.03888706823797573,1.1089570218689544,0.7555555555555555,0.5582980439604759,0.5143664292543106,0.006349495465675516,0.5021961773868577,0.0035360330157021167,0.1298882681564246,0.15231481481481482,0.7944071981902232,0.7938265845555108,3.0,0.6666666666666666,0.0,0.6666666666666666,5.625,0.0,0.0,0.6666666666666666,-0.5942606608762055,-0.6687189500312041,0.7625723637260379,0.22517249175065565,0.33338677436267217,-0.6382975504067485,-0.6400873671925921,-0.6425314812319934,-0.7602563923487731,-1.3304670218897676,-1.0695524016565496,-1.41140386948742,-1.3019768057017953,-0.06880868885767902,-0.46955720336348694,-1.278350024683883,0.40074851450580795,1.6790985391896909,1.278350024683883,True
balanced,2,0.4136156228670013,0.43453552422265507,0.6738022998570379,1.5404966606566894,0.11170430276060522,1.0135381569699984,0.7444444444444445,0.5593114665220927,0.5162681648952133,0.007598561718756166,0.42980573144994777,0.003544637419443706,0.12779329608938547,0.1439814814814815,0.7688305029934505,0.8115637267325977,2.6666666666666665,3.0,1.0,2.0,4.428571428571429,0.0,1.1111111111111112,2.0,-0.5854286468187594,-0.6315878642258894,0.28874708862985626,0.23577582385690643,0.34948011669114315,-0.6556561867290822,-0.6961875381455642,-0.7324511333317325,-0.7160566039703983,-1.4361819979710602,-1.0695524016565496,-0.7874065798549601,-1.0786711228265042,-0.17312339963947157,-0.4901742690971268,-1.0929530255772686,0.31705086945765526,1.4100038950349238,1.0929530255772686,False
balanced,3,0.39018000863942587,0.45125415150204345,0.6988243580786468,1.555096237801184,0.07413876255548923,0.9364542667124184,0.7555555555555555,0.6863523187052598,0.4807662969293143,0.03373196919620765,0.45103257496822685,0.003019662141461468,0.11964618249534452,0.12638888888888888,0.7368422336927489,0.7952105021992627,3.7777777777777777,10.666666666666666,0.0,10.666666666666666,7.0,0.0,2.888888888888889,10.666666666666666,0.5217369471280923,0.1452818919117362,0.4276855195139237,-0.41115886065950935,0.04904734244698144,-0.7231619946492678,-0.8146212323796166,-0.8449118724797201,-0.756807760862583,-1.0837987443667516,-1.0695524016565496,0.21098908355697554,0.37281581586288826,0.1708863744735607,-0.6180911035848412,-0.39238656165085933,0.7889774780584019,1.1813640397092613,0.39238656165085933,False
balanced,4,0.4203143452208863,0.44981034694021177,0.6788211937764522,1.5059424174464704,0.15374935668758466,0.9525214753007383,0.8666666666666667,0.8266381766381766,0.35235124948376717,0.07941596433010865,0.41634224674423903,0.004096085864989723,0.1266294227188082,0.12453703703703704,0.7795907360436076,0.7729235502858761,6.777777777777778,4.0,0.0,4.0,5.0,0.1111111111111111,3.0,4.0,1.7443332423473823,1.5033334276591583,0.20062303770198345,0.9153337785049172,-1.037658545700061,-0.6652998735748229,-0.8270879370358326,-0.694621523018969,-0.8123453750022072,-0.1323639596351184,-0.1292865540463961,0.27338881252022157,-0.7437125985135675,1.0909058715533604,-0.8074026508663785,-0.1829935749187151,1.898308522419739,2.081302097338454,0.1829935749187151,True
balanced,5,0.452462781212913,0.4224127358569922,0.5952917591333508,1.4516808463791244,0.031649725574952034,0.9692254853561927,0.8055555555555556,0.7752946738795794,0.5044930753637852,0.050472605064024754,0.4212438925492236,0.0026751256543184766,0.12558193668528864,0.13935185185185184,0.7864350951276752,0.7910194946015294,4.444444444444445,9.666666666666666,2.0,7.666666666666666,6.625,0.1111111111111111,1.4444444444444444,7.666666666666666,1.2968727699863019,0.642932024809298,0.23270632772612562,-0.8357361940359332,0.2498340130467273,-0.6739791917359897,-0.7273542997861044,-0.6705588994880485,-0.7672514753608108,-0.8723687922041664,-0.1292865540463961,-0.6002073929652222,-0.1296219706065169,0.334193732121448,-0.5178619706648453,-0.4328711774555754,0.8520557027862933,1.2849268802418687,0.4328711774555754,False
balanced,6,0.4356511184033971,0.4900928714557742,0.6899260551029279,1.5287163663216752,-0.14705281054313757,1.3116928544048572,,,,,0.5137885121708757,0.0038729730105118805,0.11243016759776536,0.11805555555555557,0.7609077974284885,0.8142924974586361,4.0,5.0,0.0,5.0,5.875,0.0,1.6666666666666667,5.0,,,0.838448967978917,0.6403885569357145,,-0.7829528530928609,-0.8707214033325886,-0.7603048854529191,-0.7092566873085242,-1.01332209364589,-1.0695524016565496,-0.4754079350387302,-0.5762333363570992,0.7394187624573157,-0.7808089572967232,-0.7836289416745672,1.5202277197540388,2.303856661428606,0.7836289416745672,True
balanced,7,0.446339795066545,0.5120470506670934,0.6007932291355123,1.397148403441526,-0.24169973658622673,0.9341468833711815,0.65,0.5433702933702934,0.5986324992479145,0.014726380435937495,0.5091867068764978,0.0041158323376654015,0.10567970204841715,0.11203703703703705,0.7077302226732154,0.7056985115901595,5.0,11.666666666666666,0.5,11.166666666666666,6.5,0.1111111111111111,2.111111111111111,11.166666666666666,-0.7243565439283797,-0.41969866480221496,0.8083282575546712,0.9396676445106688,1.0464841586228022,-0.8388862367981574,-0.9112381934652908,-0.9472605880843277,-0.9798657373251268,-0.6961771654020121,-0.1292865540463961,-0.22580901918574628,0.45655544694112243,0.15098517333368633,-0.5261533194100201,-0.14867932292325803,0.6771384927437064,0.8258178156669644,0.14867932292325803,False
balanced,8,0.39929653783583346,0.492672911691212,0.6477181923284804,1.4745389067583232,-0.07265318741837956,0.9860897900477292,0.7611111111111111,0.7392438156697277,0.5712755532837398,0.05061190373965303,0.5269238746962555,0.003731223114722529,0.11301210428305401,0.10694444444444444,0.7586694664536793,0.7401059171741551,3.4444444444444446,4.0,5.0,-1.0,5.1,0.0,2.7777777777777777,1.0,0.9826882446443601,0.6470729669447239,0.9244253241337109,0.4657080949048497,0.814977377662453,-0.7781310096699904,-0.945521631269885,-0.7681741563258936,-0.894124752093238,-1.1895137204480442,-1.0695524016565496,0.14858935459372952,-1.2461503849829727,0.7549736576569112,-0.5141948343393108,-0.8391567881234593,1.269168491996222,2.1083252801196815,0.8391567881234593,True
balanced,9,0.43616136197155997,0.44872785749471283,0.7234163834303458,1.5780882110980454,0.05874231635254823,1.2460334614746322,0.6944444444444444,0.5279754062362758,0.5346690459208492,0.007906812461909652,0.4584871703229791,0.004515509283938705,0.12988826815642457,0.1328703703703704,0.8056771966776837,0.8143987529929109,4.888888888888889,0.6666666666666666,0.0,0.6666666666666666,4.0,0.0,0.7777777777777778,0.6666666666666666,-0.8585235387538266,-0.622424471359134,0.4764789155067398,1.432195369129641,0.5051966480122168,-0.6382975504067488,-0.7709877660828603,-0.6029096952521965,-0.7089919055256368,-0.7314154907624428,-1.0695524016565496,-0.9746057667446981,-1.3019768057017953,0.10693156863085501,-0.44319805385104516,-1.0193876162163713,0.5501296224819001,1.5695172386982714,1.0193876162163713,True
balanced,10,0.381277273685613,0.4593849767226382,0.6334406197621385,1.4614487446587996,0.004123908311023842,0.8961025858247584,0.7777777777777778,0.713331031215828,0.4813296923445146,0.04536140058897864,0.5114528858831139,0.0031796448216216255,0.11731843575418995,0.1074074074074074,0.7900532639701243,0.7791158461146755,4.888888888888889,5.333333333333333,2.0,3.333333333333333,6.142857142857143,0.0,1.0,3.333333333333333,0.7568573965534333,0.4909908675941639,0.8231613322419424,-0.21400987277706707,0.0538150478462484,-0.7424493683407495,-0.9424049551058311,-0.6578385507077184,-0.7969145822354448,-0.7314154907624428,-1.0695524016565496,-0.8498063088182062,-0.8553654399512132,0.46424993090311817,-0.6171584817086991,-0.876534910297103,1.0814084126118173,1.9579433229089203,0.876534910297103,True
balanced,11,0.41904483096848055,0.46102970969113977,0.6427191259301617,1.4908649862143726,0.05054838455040546,1.1271083341863843,0.7611111111111111,0.6679284347044807,0.5078843781869934,0.04477912694625987,0.5161504874659748,0.0038427211597355224,0.1188314711359404,0.1037037037037037,0.7628988022011187,0.7840257201676661,2.888888888888889,3.0,1.0,2.0,5.888888888888889,0.0,0.8888888888888888,2.0,0.3611721357151438,0.47368157552367535,0.8539090688179984,0.6031087604217479,0.2785327428278519,-0.7299125754412864,-0.9673383644182632,-0.7533051360675324,-0.7846794999465402,-1.3657053472501985,-1.0695524016565496,-0.9122060377814522,-1.0786711228265042,0.5729678851196414,-0.5913405666091541,-1.1065337273786762,1.1643084517287954,2.2708421791074715,1.1065337273786762,True
balanced,12,0.4239961625079763,0.4784950478027238,0.6430002564126825,1.4911668029870542,-0.16043058081656875,1.1140955387196245,0.8222222222222222,0.7937430011198208,0.48167179702423085,0.028963515350133986,0.4919839763616596,0.004591931868473216,0.1113826815642458,0.13055555555555556,0.7705642005943865,0.8158724200722463,6.888888888888889,9.0,2.5,6.5,9.6,0.1111111111111111,3.2222222222222223,6.5,1.4576506051099085,0.0035297082460940487,0.6957293031884753,1.5263720336114217,0.056710091512902315,-0.7916321712540277,-0.7865711469031305,-0.72635599539765,-0.7053196243657697,-0.09712563427468739,-0.1292865540463961,0.39818827044671357,-0.3250144431223966,0.920820412538975,-0.5906337692815351,-0.03830959024919163,1.51145418182051,1.5497637720697017,0.03830959024919163,True
balanced,13,0.42767508785375674,0.46991815052354047,0.6478461891602596,1.4564749622021964,-0.06016728127049373,0.7773756228964158,0.7166666666666667,0.6487252698296985,0.535809421025601,0.03403428653591239,0.4552848683876,0.0037501615855155494,0.1151070763500931,0.1310185185185185,0.7797673686417338,0.7663738512330421,4.444444444444445,3.3333333333333335,0.0,3.3333333333333335,7.375,0.0,1.2222222222222223,3.3333333333333335,0.193815863469792,0.15426890205097046,0.4555185308063276,0.4890462484171387,0.5148470150500486,-0.7607723733476571,-0.7834544707390766,-0.6940005381086517,-0.8286667930292486,-0.8723687922041664,-1.0695524016565496,-0.7250068508917141,-0.855365439951213,0.3231623861860572,-0.5104094320349171,-0.8805733711759107,0.8335718182209743,1.714145189396885,0.8805733711759107,True
balanced,14,0.3802799426948907,0.39647896615901473,0.7255229505243909,1.6487995836354845,0.18037346089531348,1.1398319348418526,0.75,0.707865860633739,0.5003688317102575,0.02995015155759617,0.4922595743339057,0.004565766042949053,0.13873370577281194,0.1361111111111111,0.7896562722479746,0.8154473174411399,1.7777777777777777,3.0,0.0,3.0,8.714285714285714,0.0,1.1111111111111112,3.0,0.7092282384554124,0.03285951648288984,0.6975332053930463,1.4941275055535528,0.21493280830791275,-0.5650055303791184,-0.7491710329344825,-0.6592342493023782,-0.7063789520830761,-1.718088600854507,-1.0695524016565496,-0.7874065798549601,-0.9111918606700359,0.7334371164712253,-0.4929713912782285,-1.1215598607590134,1.2264085077494538,2.347968368508467,1.1215598607590134,True
balanced,15,0.41313917996928795,0.45502714860698745,0.6735338367082332,1.5547514457549807,0.07994978835147172,1.0637011100057279,0.7833333333333333,0.7105024605024605,0.5211065145907805,0.03248668409188425,0.4799041435360007,0.004103915400952179,0.1266294227188082,0.14953703703703705,0.7616567654352093,0.7809071857688363,5.555555555555555,3.6666666666666665,1.0,2.6666666666666665,8.125,0.1111111111111111,1.5555555555555556,2.6666666666666665,0.7322063010981624,0.10826320859796433,0.61666182352794,0.9249822297562782,0.3904244079379835,-0.6652998735748229,-0.658787424176916,-0.7576717484475302,-0.7924506819725275,-0.5199855385998579,-0.1292865540463961,-0.5378076640019762,-0.9670182813888587,0.5955283907450862,-0.49675706404676256,-0.5385245095092722,1.0922854547918488,1.630809964301121,0.5385245095092722,True
balanced,16,0.4224017671607377,0.41235604309149365,0.6702768654275494,1.5188108644747091,0.11130915819048999,0.9832968723658554,0.85,0.7455379292335813,0.3274478216315089,0.0650290974649654,0.5065295970326255,0.0033106763581942167,0.13233240223463685,0.1416666666666667,0.7927494748488347,0.8110420598836194,4.777777777777778,7.666666666666667,0.0,7.666666666666667,3.7,0.0,2.7777777777777777,7.666666666666667,1.0375416706292986,1.0756539617207088,0.7909363795735513,-0.052537800987129187,-1.2484025528894815,-0.6180458080306931,-0.7117709189658341,-0.6483595174574898,-0.717356563349347,-0.7666538161228739,-1.0695524016565496,0.14858935459372952,-0.12962197060651673,0.7128985527341074,-0.7887870721385692,-0.4543097084480527,1.5016856248726766,1.9559953333207294,0.4543097084480527,True
balanced,17,0.4336423361678741,0.45481123284735936,0.636676725273014,1.4673433020274944,-0.0969506959976241,1.0053995329850198,0.8055555555555556,0.7366883116883116,0.4273333264186686,0.03604288392951532,0.5591260991710588,0.003988790215766097,0.11091713221601489,0.10555555555555556,0.7636830630720584,0.7687959788827221,4.777777777777778,3.3333333333333335,0.5,2.8333333333333335,9.166666666666666,0.0,0.5555555555555556,2.8333333333333335,0.960416935574906,0.2139786268043668,1.1352021424417595,0.7831117865527183,-0.40312648632279807,-0.795489645992324,-0.9548716597620469,-0.7505479204019514,-0.8226310106877414,-0.7666538161228739,-1.0695524016565496,-1.09940522467119,-0.9391050710294472,0.7731773728434377,-0.7453333446333723,-0.9686791283700152,1.51851071747681,2.4871898458468253,0.9686791283700152,True
balanced,18,0.4052756608947951,0.4618464780452172,0.6647993340120677,1.565471097893846,0.014459979846592091,1.2218375021516128,0.7388888888888889,0.6634745094896556,0.5385509750637848,0.0468786289953748,0.45940252592005537,0.0034460240910529406,0.12441806331471135,0.12638888888888888,0.7736104014453965,0.795233242360297,2.7777777777777777,1.6666666666666667,0.0,1.6666666666666667,5.9,0.0,1.1111111111111112,1.6666666666666667,0.32235601734751124,0.5360936297616717,0.48247029478313624,0.11425318237786881,0.538047278377685,-0.6836228785817305,-0.8146212323796166,-0.715646506988713,-0.7567510938812073,-1.4009436726106295,-1.0695524016565496,-0.7874065798549601,-1.134497543545327,0.363793281067547,-0.48651888669071647,-1.0981000494168667,0.8503121677582635,1.9484122171751301,1.0981000494168667,True
balanced,19,0.423688223503374,0.4529975594892818,0.6824832679327559,1.5159613887062398,-0.08601776013260035,0.9843929052328346,0.7611111111111111,0.6666666666666666,0.43940605289831325,0.03515981018179645,0.5387432676725057,0.0043652559899434226,0.10858938547486034,0.12685185185185185,0.7515551659370185,0.7517560254942197,5.222222222222222,5.666666666666667,1.0,4.666666666666667,4.0,0.1111111111111111,0.5555555555555556,4.666666666666667,0.3501757819045175,0.18772742754404,1.001788117744935,1.2470360455858776,-0.30096164495573235,-0.8147770196838054,-0.8115045562155626,-0.7931858094135781,-0.8650934505909477,-0.6257005146811504,-0.1292865540463961,-1.09940522467119,-0.6320597570759219,0.6966818431948425,-0.7171044961719252,-0.6216130126186646,1.4137863393667676,2.0353993519854323,0.6216130126186646,True
balanced,20,0.4264328993114903,0.4834404286719725,0.6321280240455314,1.503456323081491,-0.09062162740837254,1.0358369123974795,0.7222222222222222,0.657472315979048,0.5764568896950096,0.021559605036617566,0.5238747949405061,0.003989369158474156,0.1212756052141527,0.14722222222222223,0.7314017719587195,0.7634741764219399,3.5555555555555554,0.0,0.5,-0.5,14.333333333333334,0.1111111111111111,0.1111111111111111,0.5,0.2700466851212565,-0.21656688668471263,0.9044678416875158,0.7838252260876827,0.8588241767611737,-0.7096608330652306,-0.6743708049971862,-0.8640388324963371,-0.8358925913984124,-1.1542753950876135,-0.1292865540463961,-1.349004140524174,-1.3298900160612068,0.4354432165529356,-0.4450277770391985,-0.9906140264298476,0.8804709935921341,1.8710850200219817,0.9906140264298476,True
balanced,21,0.43018408646556405,0.4327492637237793,0.6871211150239269,1.5378576995374127,-0.0350145240089282,1.0372405768577566,0.7833333333333333,0.6868669495088483,0.44484089620564404,0.02567358619433808,0.49302045732580274,0.0035715334775388036,0.12441806331471135,0.11851851851851852,0.7798266475836677,0.7958730259216403,5.444444444444445,3.6666666666666665,1.5,2.1666666666666665,7.6,0.1111111111111111,1.4444444444444444,2.1666666666666665,0.5262219730825537,-0.09427026151209672,0.7025134978651472,0.26892022815221844,-0.2549695564838784,-0.6836228785817305,-0.8676047271685348,-0.6937921319093938,-0.7551567954459234,-0.5552238639602887,-0.1292865540463961,-0.6002073929652222,-1.050757912467093,0.35084635939695563,-0.6510292179178921,-0.58386893085975,1.0018755773148478,1.5857445081745978,0.58386893085975,True
balanced,22,0.4170975013987413,0.44497591451639146,0.6646494330062699,1.5093345131913833,-0.16903525555952004,1.148303828726153,0.8722222222222222,0.7941281297335827,0.30453248771147795,0.0877710873516469,0.41684749411023353,0.0030073097669813626,0.12150837988826817,0.13194444444444445,0.7736871475176272,0.7900299983349908,7.777777777777778,4.666666666666667,2.0,2.666666666666667,6.142857142857143,0.1111111111111111,1.1111111111111112,2.666666666666667,1.461007014824375,1.7517067938129114,0.20393008974573804,-0.42638087171883027,-1.4423224150482583,-0.7077320956960824,-0.7772211184109684,-0.7153766918283916,-0.7697172347906868,0.18478096860875934,-0.1292865540463961,-0.7874065798549601,-0.9670182813888586,0.7475657566660485,-0.8824739111548775,-0.42473261167036386,1.6300396678209261,2.05477227949129,0.42473261167036386,True
balanced,23,0.3913256791432005,0.42770092486981937,0.6734084304721524,1.5240625827822132,0.07669555301242244,1.1460542789065775,0.7722222222222223,0.6516590066118368,0.5188432046828928,0.01575320733650363,0.39790273345682725,0.0034170203535529966,0.13442737430167598,0.15138888888888888,0.8220362537902124,0.8405999668047659,6.555555555555555,4.666666666666667,1.0,3.666666666666667,6.857142857142857,0.1111111111111111,0.7777777777777778,3.666666666666667,0.2193834849951641,-0.3891741048294426,0.07992883084957389,0.07851145404079067,0.37127126153864076,-0.6006871717083595,-0.6463207195207001,-0.5453963725605318,-0.64370020891644,-0.20284061035598017,-0.1292865540463961,-0.9746057667446981,-0.7995390192323902,-0.0028375837359784807,-0.4129666422334782,-0.5265679875948661,0.4101290584974997,0.9366970460923658,0.5265679875948661,False
balanced,24,0.39849473273567787,0.43260073460803006,0.650973679070629,1.5070679621178007,0.017612078113698124,0.8477252248829583,0.85,0.7810488346281909,0.3492671645047756,0.05981163269377469,0.4561462165071796,0.00296742860755239,0.12441806331471135,0.10925925925925924,0.754497820871934,0.7644098469651454,4.111111111111111,7.333333333333333,1.5,5.833333333333333,5.714285714285714,0.0,1.7777777777777777,5.833333333333333,1.347020487774881,0.9205539967448881,0.46115640890517345,-0.4755270055948795,-1.063757459907426,-0.6836228785817305,-0.9299382504496152,-0.782840356024801,-0.8335609621207838,-0.9780837682854592,-1.0695524016565496,-0.41300820607548433,-0.43666728456004217,0.5633009719575157,-0.8587439814168712,-0.7243279151443838,1.422044953374387,2.146372868518771,0.7243279151443838,True
balanced,25,0.42294694800558374,0.4552319666902544,0.6466161789183963,1.4956501249960423,0.0870254342580438,0.8354486359099843,0.8111111111111111,0.7907477025898079,0.43587007489931723,0.07271371776873986,0.5160607567580672,0.004324337295047583,0.12802607076350092,0.14722222222222223,0.7399621032049956,0.7366947458242425,1.5555555555555556,1.6666666666666667,0.5,1.1666666666666667,6.333333333333333,0.0,0.4444444444444444,1.1666666666666667,1.43154647073864,1.30409524349977,0.8533217443885294,1.1966113416359914,-0.33088468114428154,-0.6537274493599341,-0.6743708049971862,-0.8339433881239618,-0.9026251660992373,-1.788565251575369,-1.0695524016565496,-1.161804953634436,-1.2182371746235612,1.1963937000657325,-0.6791102979449202,-1.3095399453724788,1.8755039980106527,3.1850439433831315,1.3095399453724788,True
balanced,26,0.43166612053983966,0.46387101738966635,0.6427133001002561,1.4617331608560675,-0.09466927392604657,1.0604209954382497,0.75,0.7003783684016242,0.41751732931728375,0.06026218973904251,0.4346668203986077,0.0037707746425663623,0.11836592178770951,0.14953703703703705,0.7713656160837247,0.8540697496386678,3.888888888888889,2.3333333333333335,5.0,-2.6666666666666665,7.166666666666667,0.0,2.111111111111111,2.6666666666666665,0.6439744744741258,0.9339477396842776,0.3205649173302512,0.5144480189754425,-0.4861938686919281,-0.7337700501795826,-0.658787424176916,-0.7235384694649905,-0.6101343985498621,-1.0485604190063207,-1.0695524016565496,-0.22580901918574628,-0.9670182813888587,0.6032337876160243,-0.6424848422126559,-0.8277350303093688,1.2457186298286802,2.073453660138049,0.8277350303093688,True
balanced,27,0.4374955045862001,0.4988409529321416,0.6363329831572234,1.442917315967132,-0.15304156402997343,0.9929099819499692,0.8722222222222222,0.7043393114821687,0.3870107723981165,0.09205156436443852,0.4985895006893661,0.0038227128595113864,0.11149906890130352,0.11296296296296297,0.7825606941075497,0.7558911278234867,6.444444444444445,0.6666666666666666,0.5,0.16666666666666663,13.2,0.1111111111111111,0.2222222222222222,0.16666666666666663,0.6784942358185936,1.8789528537057647,0.7389651797081171,0.5784522405129205,-0.7443540741398881,-0.7906678025694537,-0.9050048411371827,-0.6841800803773026,-0.8547890483342735,-0.2380789357164109,-0.1292865540463961,-1.2866044115609279,-1.3857164367800296,0.968716127436349,-0.7957991693116201,-0.759921584525941,1.7645152967479691,2.5244368812739104,0.759921584525941,True
balanced,28,0.3636371442011753,0.4436088058089036,0.7531696137070614,1.6395261713267406,0.32527313230578475,1.0430720056430853,0.8111111111111111,0.7642013384937915,0.36163048897929617,0.0754549950996915,0.40302068371255934,0.003247381109590469,0.14164338919925512,0.15601851851851853,0.8243093222927182,0.913738342304758,3.6666666666666665,3.0,2.0,1.0,4.363636363636363,0.0,1.2222222222222223,1.0,1.2001939532892196,1.3855853994788356,0.1134279225662389,-0.13053745812191567,-0.9591334476067565,-0.5408963132647665,-0.6151539578801599,-0.5374049754166977,-0.46144420131596964,-1.1190370697271825,-1.0695524016565496,-0.7250068508917141,-1.2461503849829727,0.6421674543030946,-0.6228065790968701,-1.0399366768146048,1.2649740333999646,2.3049107102145694,1.0399366768146048,True
balanced,29,0.4171865955785049,0.4462639854992852,0.6285068511064579,1.481955269135272,0.004345923037228971,0.8895389563777746,0.7666666666666667,0.665880087038344,0.46317129806521046,0.04244229619410448,0.43644390219449436,0.0033926195925203396,0.12395251396648044,0.12314814814814816,0.7694114530164733,0.8161969386670764,3.7777777777777777,0.3333333333333333,0.0,0.3333333333333333,3.9,0.0,0.4444444444444444,0.3333333333333333,0.3433207121658267,0.4042144332029411,0.3321966493897312,0.04844204067470739,-0.09984945156518452,-0.6874803533200269,-0.8364379655279945,-0.7304086949496175,-0.7045109454324254,-1.0837987443667516,-1.0695524016565496,-1.161804953634436,-1.3578032264206181,0.2820434588583016,-0.6117374821590499,-1.1682398315195888,0.8937809410173515,2.06202077253694,1.1682398315195888,True
balanced,30,0.4000681076275563,0.419980758660516,0.7077388392920629,1.5940466509142652,0.20785574391211498,1.0893463595937358,0.7888888888888889,0.7161571231338674,0.4460593783851807,0.03241248532922581,0.41238144611813216,0.004780634890256711,0.1336126629422719,0.14629629629629629,0.7752315509355476,0.7916015348039823,5.666666666666667,10.333333333333334,0.0,10.333333333333334,10.75,0.1111111111111111,1.8888888888888888,10.333333333333334,0.781486889218306,0.10605749643808192,0.17469796676234822,1.7589135169628154,-0.24465821224934672,-0.607437752500378,-0.6806041573252942,-0.7099470529726816,-0.7658010695671787,-0.4847472132394269,-0.1292865540463961,-0.3506084771122383,0.31698939514406566,0.7052889673453879,-0.6016896489229759,-0.1619132123134989,1.3069786162683639,1.4688918285818628,0.1619132123134989,False
balanced,31,0.40240098457641454,0.43998461792590393,0.6359350956071422,1.4702044559216483,-0.1891660860321711,1.3295900076136247,0.8666666666666667,0.8368276000580209,0.3776275631949168,0.07034732139808576,0.4473774187295391,0.004206273548888206,0.12197392923649908,0.1375,0.777145687841259,0.8114177836988712,5.333333333333333,8.333333333333334,7.0,1.333333333333334,10.6,0.0,1.8888888888888888,1.333333333333334,1.833134433765261,1.2337492018294975,0.4037610169376426,1.0511196669270213,-0.8237590106614935,-0.7038746209577861,-0.7398210044423204,-0.703217546939605,-0.7164202843841654,-0.5904621893207197,-1.0695524016565496,-0.3506084771122383,-1.1903239642641497,1.1304410798648556,-0.737418493477074,-0.8002367580884143,1.8678595733419296,2.668096331430344,0.8002367580884143,True
hypo_support,0,-0.7625473769668895,-0.666528842529662,1.115191930587856,1.5619837467925524,-0.32603630830737,1.1336339331694478,0.7277777777777777,0.5352939228349065,0.5503388810530508,-0.005540922367797081,0.18558963094651582,0.002244128350705914,0.39047951582867785,0.4703703703703703,1.3845854377509839,1.552791457091987,7.888888888888889,13.666666666666666,0.0,13.666666666666666,6.25,0.2222222222222222,1.7777777777777777,13.666666666666666,-0.7947424034930977,-1.0221862891309559,-1.309747844041293,-1.3668604513756337,0.6378018406527262,1.5209239343546193,1.5010691575125121,1.4323504208221949,1.1310340093297941,0.22001929396919034,0.8109792935637573,-0.41300820607548433,0.8752536023322933,-1.123384247010245,1.2446358725343694,0.3733109959474392,-2.3680201195446147,-2.741331115492054,-0.3733109959474392,False
hypo_support,1,-0.7101287602236196,-0.7189540201601433,1.1017411398321137,1.6778330438841629,0.04817542148619545,1.0096842421967083,0.6166666666666667,0.5218367346938776,0.6380905803565691,0.00731672119988098,0.17853489277005108,0.0029631067193334674,0.39792830540037244,0.48055555555555557,1.4425602274678062,1.8370931282332557,6.666666666666667,10.333333333333334,0.0,10.333333333333334,4.0,0.2222222222222222,0.5555555555555556,10.333333333333334,-0.9120222819335776,-0.6399661583827914,-1.3559240101628307,-0.4808529314216545,1.3803961878492914,1.5826435301673603,1.5696360331217007,1.6361716292224882,1.8394950215155934,-0.16760228499554913,0.8109792935637573,-1.09940522467119,0.31698939514406566,-0.8471913454752135,1.601668480375287,-0.034759705239729044,-2.4488598258505005,-2.4141001206107715,0.034759705239729044,False
hypo_support,2,-0.8360897445601504,-0.6891367554668787,1.1376665478746977,1.6549225030893284,0.07654964739595843,1.0452399981277165,0.6333333333333333,0.38060088060088054,0.69220969113433,-0.03128364130897614,0.1856493453677784,0.0025214555673788264,0.3846601489757915,0.4740740740740741,1.4166564494673393,1.6510275015452176,9.0,13.666666666666666,0.5,13.166666666666666,3.75,0.2222222222222222,1.3333333333333333,13.166666666666666,-2.142897827840717,-1.7874420179680235,-1.3093569885669862,-1.0251060813114183,1.838376444161646,1.4727055001259155,1.5260025668249446,1.5451020563964897,1.3758317525406762,0.5724025475734988,0.8109792935637573,-0.6626071219284683,0.7915139712540592,-1.566200728921786,1.5516036640099344,0.3780721726157118,-3.1178043929317205,-3.4958765655474324,-0.3780721726157118,False
hypo_support,3,-0.7697411897040018,-0.7087521003523677,1.0990524367745413,1.5817859995844108,-0.12365080633376357,1.0499645520434457,0.6888888888888889,0.4052661361626879,0.5653209983349772,-0.02030654394736295,0.19440621228334232,0.0022596518520921383,0.3971135940409683,0.48657407407407405,1.38954122820519,1.8323893747484654,9.333333333333334,11.0,0.0,11.0,5.2,0.2222222222222222,1.1111111111111112,11.0,-1.9279392388935488,-1.4611250247564274,-1.2520396890042254,-1.3477306144231462,0.7645872555324172,1.5758929493753413,1.6101528232544027,1.4497734283723513,1.8277735780871054,0.6781175236547916,0.8109792935637573,-0.7874065798549601,0.42864223658171113,-1.4972086417693369,1.4456360069243235,0.28258311848632495,-2.9428446486936606,-3.2254277671799856,-0.28258311848632495,False
hypo_support,4,-0.8280733886116552,-0.7819596834433842,1.163108782513506,1.7429855820024613,0.22845331370187758,1.1387248769265559,0.6333333333333333,0.47181818181818186,0.6558379526080801,-0.019024664396973513,0.18137824447266415,0.002755994287213718,0.42295158286778395,0.5157407407407407,1.4889641238612692,1.815525618303387,6.666666666666667,16.333333333333332,0.0,16.333333333333332,5.0,0.1111111111111111,2.111111111111111,16.333333333333332,-1.3479357684326816,-1.4230184956109995,-1.3373131025320089,-0.7360805993754796,1.5305824339979954,1.7899827973507874,1.8065034215898053,1.799313199611888,1.78575020934511,-0.16760228499554913,-0.1292865540463961,-0.22580901918574628,1.3218649680828756,-1.2110869914877922,1.742426412379117,0.199791777463796,-2.9535134038669093,-3.153305181330705,-0.199791777463796,False
hypo_support,5,-0.7874637549748613,-0.8039905534796544,1.1647468955886149,1.6688203553024505,-0.013726743891424188,1.148232527224778,0.5833333333333334,0.4604913636421408,0.7467439829335114,-0.008210786381992534,0.17328294882409764,0.002465025590702325,0.42690875232774667,0.48657407407407405,1.4803388676462763,1.7642165296511565,2.7777777777777777,1.6666666666666667,0.5,1.1666666666666667,4.222222222222222,0.0,1.2222222222222223,1.1666666666666667,-1.4466493960406213,-1.1015535361085365,-1.390300145753291,-1.0946455638158041,2.2998701490113764,1.822771332626306,1.6101528232544027,1.76898949937789,1.6578913447279278,-1.4009436726106295,-1.0695524016565496,-0.7250068508917141,-1.2182371746235612,-1.2582871604295631,1.8319350297995804,-1.1034350249456135,-3.0902221902291434,-1.9867871652835298,1.1034350249456135,False
hypo_support,6,-0.8186342671414549,-0.6705344369488057,1.1981367917303831,1.6763626892703232,-0.1925233707926105,1.3094573576019575,0.6611111111111111,0.49562645363535235,0.5844635771104056,-0.01604679737486346,0.1848592639344455,0.002754958980409423,0.3871042830540037,0.4625000000000001,1.415712414808134,1.7718529269224335,5.666666666666667,5.666666666666667,0.0,5.666666666666667,5.5,0.1111111111111111,0.6666666666666666,5.666666666666667,-1.1404458236289399,-1.3344952202106146,-1.3145283968606114,-0.7373564230359548,0.9265803668023229,1.4929572425019704,1.4480856627235947,1.5417831261174693,1.676920743037632,-0.4847472132394269,-0.1292865540463961,-1.0370054957079442,-0.46458049491945347,-1.1317064659340301,1.417265428236598,-0.5289049394783052,-2.548971894170628,-2.020066954692323,0.5289049394783052,False
hypo_support,7,-0.7357581402542794,-0.655840759617181,1.1909482231876354,1.6400966240780583,0.020143969213789602,0.901980558290322,0.6666666666666666,0.45702050935316657,0.6357598567190054,0.009059668821441604,0.211159255308234,0.002639745703950796,0.3898975791433892,0.47222222222222215,1.359851914324766,1.6842637041273074,10.777777777777779,8.666666666666666,5.0,3.666666666666666,8.5,0.2222222222222222,2.0,3.666666666666666,-1.476898015947662,-0.5881534242458153,-1.142384124416522,-0.8793354223982569,1.360672556149058,1.5161020909317486,1.513535862168728,1.3453950966657386,1.4586541771433774,1.136215753340393,0.8109792935637573,-0.2882087481489923,-0.7995390192323903,-1.021692746752064,1.43887195661173,0.21486181988069186,-2.460564703363794,-2.675426523244486,-0.21486181988069186,False
hypo_support,8,-0.8277510905561415,-0.675025068108622,1.15550786691583,1.6838247321138806,0.18566522077382364,1.1487877241289695,0.7111111111111111,0.5162800162800162,0.5902903300153738,-0.011792414808294517,0.19051086125793734,0.0025136315204064286,0.39955772811918067,0.4578703703703703,1.4223745433102712,1.636210257722174,5.444444444444445,5.333333333333333,0.0,5.333333333333333,5.833333333333333,0.1111111111111111,1.8888888888888888,5.333333333333333,-0.9604492826766774,-1.2080248718697677,-1.277536365358689,-1.03474776840035,0.9758889705568149,1.5961446917513977,1.4169189010830538,1.5652050839797789,1.3389081582665465,-0.5552238639602887,-0.1292865540463961,-0.3506084771122383,-0.5204069156382763,-1.120189572076371,1.3786131611275185,-0.38888145268929986,-2.4988027332038896,-2.1099212805145897,0.38888145268929986,False
hypo_support,9,-0.7747775047919513,-0.7422272895635122,1.2026598629479708,1.7224520112107504,0.039985810555034286,1.2011932056076993,0.6,0.4728092400458605,0.6427641599275331,0.001828470139326219,0.16017086954853585,0.0024730664534728802,0.4110800744878957,0.47129629629629627,1.3744105421286426,1.5820743633312264,7.222222222222222,11.666666666666666,0.0,11.666666666666666,3.875,0.0,1.4444444444444444,11.666666666666666,-1.339298660349514,-0.8031158076091321,-1.4761241034512538,-1.084736691459562,1.4199461201938162,1.6916171915242313,1.5073025098406203,1.3965786736330768,1.2040050802022018,0.008589341806605097,-1.0695524016565496,-0.6002073929652222,0.5402950780193566,-1.1758188157173655,1.4438899150787892,-0.28021884369895245,-2.6197087307961544,-2.339489887097202,0.28021884369895245,False
hypo_support,10,-0.7770471452713306,-0.7182460064633757,1.1723623556995175,1.6615012862380374,0.041193890742286875,0.9714574212712468,0.7111111111111111,0.49810298102981027,0.5407754776136728,0.0055122211546772505,0.19269424680978053,0.0019815700550004853,0.40374767225325886,0.46064814814814814,1.3709996897115557,1.4654834185554375,9.444444444444445,18.0,1.0,17.0,7.5,0.2222222222222222,3.7777777777777777,17.0,-1.1188627983540673,-0.6936086660151126,-1.2632452079227374,-1.6904148649324306,0.5568720194594223,1.6308619643960645,1.4356189580673782,1.3845871844923412,0.9134681360612359,0.7133558490152223,0.8109792935637573,0.7101869152629434,1.4335178095205214,-1.191532884306087,1.1842816524952884,0.9170099668406111,-2.3758145368013754,-3.2928245036419863,-0.9170099668406111,False
hypo_support,11,-0.7030010458648391,-0.8056035450115957,1.1010755015620397,1.6609808388145697,0.07788044571092077,1.1807875203313585,0.7888888888888889,0.38207671957671957,0.4290929249535864,-0.01363131124335662,0.2008830493408651,0.002507359137244047,0.4269087523277468,0.5083333333333333,1.4993062634447136,1.7932739231823616,13.777777777777779,21.666666666666668,0.0,21.666666666666668,5.0,0.4444444444444444,5.555555555555555,21.666666666666668,-2.1300358381092654,-1.2626898835526743,-1.209646123654338,-1.0424773175667752,-0.388235972113543,1.8227713326263069,1.756636602964941,1.8356729242031873,1.7303004528065415,2.087650538072026,2.6915109887840645,1.708582578674879,2.2150876995840405,-1.4112122907207632,1.3514290680974868,2.1757079512787527,-2.76264135881825,-4.938349310097003,-2.1757079512787527,False
hypo_support,12,-0.8313138552469345,-0.6995382769786788,1.0737108829966382,1.6300995090398478,0.025373665811208913,1.1989105299760143,0.7166666666666667,0.45743524870659596,0.5598994793505779,-0.017004424327011672,0.185181114193287,0.002815963132246854,0.40537709497206703,0.46527777777777773,1.4053567020684459,1.6658087478870827,7.333333333333333,18.666666666666668,0.0,18.666666666666668,4.25,0.2222222222222222,1.5555555555555556,18.666666666666668,-1.4732835475724755,-1.3629626681478229,-1.3124217543961034,-0.6621801178300643,0.7187079234740315,1.6443631259801015,1.466785719707918,1.5053756825586517,1.4126656434660725,0.04382766716703583,0.8109792935637573,-0.5378076640019762,1.7126499131146355,-1.2027120219866165,1.349579619037355,0.5074123024608631,-2.5522916410239715,-3.0597039434848345,-0.5074123024608631,False
hypo_support,13,-0.7378508074820628,-0.7608869733099646,1.0977994918767497,1.6311115675549959,-0.05422113207828294,1.0746451908188281,0.6611111111111111,0.45642135642135645,0.6553887727199003,0.0032121013394921277,0.16670342463643142,0.002753238523791156,0.41573556797020483,0.4949074074074074,1.4154500116241753,1.6540488702637173,5.0,14.0,0.0,14.0,3.888888888888889,0.1111111111111111,1.8888888888888888,14.0,-1.48211965528818,-0.7619844995703795,-1.4333658406509293,-0.7394765667955631,1.526781271758584,1.7301919389071947,1.666252994207375,1.5408605986826347,1.3833608041002472,-0.6961771654020121,-0.1292865540463961,-0.3506084771122383,0.9310800230511163,-1.104236640576263,1.569489521531207,-0.061248043377382544,-2.67372616210747,-2.6124781187300874,0.061248043377382544,False
hypo_support,14,-0.7958335122151299,-0.7315433227900153,1.1706121637498343,1.6845756927188524,0.0959299247754898,0.981826595996701,0.6888888888888889,0.48755377413914003,0.46413987194919143,-0.01424135255649522,0.17658876357141975,0.002255861373687695,0.41177839851024206,0.5134259259259258,1.4996958486471128,1.8283479055181355,8.88888888888889,11.0,1.0,10.0,8.8,0.1111111111111111,3.3333333333333335,10.0,-1.210799515654557,-1.2808246272358612,-1.368662227077779,-1.352401676192321,-0.0916529437277841,1.6974034036316756,1.7909200407695347,1.8370425837934288,1.8177025033370222,0.5371642222130681,-0.1292865540463961,0.4605879994099596,0.2611629744252428,-1.3031720115401297,1.4102831175607755,0.2824071605004686,-2.7134551291009052,-2.995862289601374,-0.2824071605004686,False
hypo_support,15,-0.8194396918808267,-0.6857357144179551,1.1524794143868735,1.6569753145718715,-0.0014386514268102484,1.2767496733136663,0.6388888888888888,0.4613844613844614,0.578521600056651,-0.0026920585788906635,0.1676629438009204,0.002150306187841211,0.4017690875232775,0.4699074074074074,1.4379978730235494,1.6382492299033276,8.333333333333334,11.0,0.0,11.0,4.625,0.0,2.7777777777777777,11.0,-1.4388660171090688,-0.9374979024800134,-1.4270853926416673,-1.4824788697644289,0.8762966844769483,1.6144676967583051,1.4979524813484584,1.620131819496209,1.3439891424530974,0.36097259541091387,-1.0695524016565496,0.14858935459372952,0.42864223658171113,-1.3214820454987946,1.3905675649066036,-0.03283705376754879,-2.712049610405398,-2.6792125566378493,0.03283705376754879,False
hypo_support,16,-0.7840956683480131,-0.6928657226854161,1.096985917908334,1.4962592246636934,-0.2728391422465957,1.0172901893942985,0.7388888888888889,0.5088909826442635,0.5015026119592636,0.004348001663834863,0.18341106521393905,0.00255576006540711,0.3841945996275605,0.4537037037037037,1.3280496697182775,1.6105827343790788,8.444444444444445,14.666666666666666,0.0,14.666666666666666,6.75,0.1111111111111111,1.7777777777777777,14.666666666666666,-1.024844976451041,-0.7282175057816749,-1.3240074537756072,-0.9828321485374398,0.22452736671028553,1.4688480253876184,1.3888688156065683,1.2335883620971897,1.2750460604653604,0.39621092077134457,-0.1292865540463961,-0.41300820607548433,1.0427328644887617,-1.0149755211364409,1.1181757260534044,0.22416225628455644,-2.1331512471898453,-2.3573135034744017,-0.22416225628455644,False
hypo_support,17,-0.7170564032698623,-0.7800577557572432,1.181695098435176,1.6102985854291385,-0.060882821636061894,1.1904510895030262,0.8111111111111111,0.3613633372812212,0.38883079460507525,-0.05069574370801974,0.18509993226559174,0.002555966627670071,0.41783054003724396,0.4884259259259259,1.5378839373179372,1.9012034885552431,9.444444444444445,13.666666666666666,0.0,13.666666666666666,8.5,0.2222222222222222,3.4444444444444446,13.666666666666666,-2.3105537094690916,-2.364507035986649,-1.312953123539161,-0.9825775988509569,-0.728952227641337,1.7475505752295282,1.6226195279106184,1.9712999466472423,1.9992538107727365,0.7133558490152223,0.8109792935637573,0.5229877283732056,0.8752536023322933,-1.7426478669614647,1.3223543265837576,0.7306441183211196,-3.0650021935452223,-3.795646311866342,-0.7306441183211196,False
hypo_support,18,-0.8732216017761815,-0.6339784376978654,1.0959655773154786,1.5503620321507805,-0.23230332962094996,1.121663804348913,0.6944444444444444,0.4721505376344086,0.5620429630800707,-0.013357154094800632,0.18331224061873827,0.0023024495732683788,0.38826815642458107,0.4731481481481481,1.3451241412006714,1.5799419284030867,8.0,10.666666666666666,0.0,10.666666666666666,5.0,0.1111111111111111,1.1111111111111112,10.666666666666666,-1.345039275545938,-1.2545399935191666,-1.324654301441777,-1.2949903590084721,0.736847046858111,1.502600929347712,1.5197692144968362,1.2936168577128977,1.1986911930148854,0.2552576193296211,-0.1292865540463961,-0.7874065798549601,0.37281581586288826,-1.3048059823788385,1.2503050482860885,-0.07215492467721171,-2.5551110306649267,-2.482956105987715,0.07215492467721171,False
hypo_support,19,-0.8890913400440751,-0.6820554488381655,1.210904349326942,1.6974531132893753,0.043051069794921,1.0775996131445065,0.7166666666666667,0.4799387604265653,0.5685826597894726,-0.009253849923855147,0.16316044988125766,0.0023209985887887026,0.38000465549348234,0.4810185185185185,1.337982125831629,1.7364843504865526,5.222222222222222,10.666666666666666,1.5,9.166666666666666,7.0,0.0,2.4444444444444446,9.166666666666666,-1.2771646339225005,-1.132560763929938,-1.4565560692273922,-1.2721321369035128,0.7921889017432748,1.434130752742952,1.5727527092857545,1.2685077678819205,1.5887845834408632,-0.6257005146811504,-1.0695524016565496,-0.03860983229600825,0.12159692262818568,-1.2846034009958358,1.3312729430189532,-0.4030664565013806,-2.615876344014789,-2.2128098875134086,0.4030664565013806,False
hypo_support,20,-0.7322721923093812,-0.6363416729007055,1.1090864568458114,1.5606431568439714,-0.1158687753336464,0.894339617852204,0.5444444444444444,0.43044458886043047,0.737888343814075,-0.005091909479087661,0.1585929560490745,0.0030571677127949138,0.3883845437616387,0.4407407407407407,1.3135786185839788,1.5363065310947168,8.777777777777779,9.0,3.5,5.5,4.2,0.0,3.3333333333333335,5.5,-1.708508118457059,-1.0088384494489202,-1.4864521970039837,-0.3649401986084718,2.224929747821418,1.5035652980322856,1.3016018830130556,1.1827126772793224,1.0899546610764004,0.5019258968526373,-1.0695524016565496,0.4605879994099596,-0.49249370527886493,-1.1421847408796086,1.4605528534444963,-0.1498830526682044,-2.602737594324105,-2.4528545416559004,0.1498830526682044,False
hypo_support,21,-0.7623638675411379,-0.8041694715303489,1.249783432406007,1.7632411604533855,0.10194006246148382,1.1879292037306663,0.7111111111111111,0.570215744400527,0.5680980353383235,-0.004353255726775566,0.1911568032461278,0.003516977148801798,0.42458100558659223,0.5037037037037037,1.5036999498853638,1.8684370993615482,5.333333333333333,1.6666666666666667,0.0,1.6666666666666667,6.4,0.0,0.2222222222222222,1.6666666666666667,-0.4903974730949589,-0.9868804341796154,-1.2733084090822868,0.20168966930475424,0.7880877916702739,1.8034839589348253,1.7254698413244007,1.851119750039719,1.9176021301454211,-0.5904621893207197,-1.0695524016565496,-1.2866044115609279,-1.134497543545327,-0.6372241617630267,1.6171526944229278,-1.0202791365208812,-2.2543768561859543,-1.234097719665073,1.0202791365208812,False
hypo_support,22,-0.8601961276981375,-0.7431406651194086,1.0763585531390827,1.5886180834954278,-0.09698575064639772,0.905904304430206,0.6833333333333333,0.5297902944961769,0.5932004667698937,0.010316871243124848,0.1941181645829745,0.0022111679739311727,0.40875232774674114,0.4939814814814814,1.4965366153054602,1.751577239026008,6.0,3.0,0.0,3.0,4.857142857142857,0.1111111111111111,0.1111111111111111,3.0,-0.8427067223228142,-0.5507804739487138,-1.253925079805472,-1.4074780039435681,1.0005158566527834,1.6723298178327497,1.6600196418792665,1.8259357085385233,1.6263950661669984,-0.3790322371581344,-0.1292865540463961,-1.349004140524174,-0.9111918606700359,-1.013722570005142,1.5570392182140642,-0.692128698099685,-2.5707617882192064,-1.8786330901195214,0.692128698099685,False
hypo_support,23,-0.812108582500106,-0.575147728769089,1.1404313227347609,1.666744162539755,-0.06218499973776732,1.0754888640414275,0.6833333333333333,0.48369138491873737,0.6239401442543793,0.010532528373692217,0.2024078677870663,0.0023259531284843316,0.3677839851024209,0.47870370370370363,1.3210068792393301,1.6436504586828073,6.777777777777778,7.666666666666667,0.0,7.666666666666667,4.142857142857143,0.1111111111111111,0.6666666666666666,7.666666666666667,-1.244460376564837,-0.5443696183196587,-1.1996655590868441,-1.2660265854435748,1.2606488331740635,1.3328720408626735,1.5571693284654842,1.2088281159118963,1.35744864831107,-0.1323639596351184,-0.1292865540463961,-1.0370054957079442,-0.12962197060651673,-1.0636305348537287,1.3433933933450377,-0.3570694949989939,-2.4070239281987664,-2.0499544331997726,0.3570694949989939,False
hypo_support,24,-0.7869527531327675,-0.6554454564359549,1.15281758044219,1.6491259039810018,0.16289968691545506,0.9062313432378454,0.6888888888888889,0.5922557172557172,0.5786634202020488,0.021166656246751722,0.1914024296752925,0.003063919587788581,0.37360335195530725,0.42824074074074076,1.3068297752625,1.5209957436443964,2.111111111111111,1.6666666666666667,2.0,-0.33333333333333326,5.285714285714286,0.0,0.4444444444444444,0.33333333333333326,-0.2983183173159455,-0.22824810471267348,-1.2717006829678312,-0.3566197646716378,0.8774968303331181,1.3810904750913773,1.2174516265835977,1.1589858572631226,1.051801188636818,-1.6123736247732143,-1.0695524016565496,-1.161804953634436,-1.3578032264206181,-0.538721717417022,1.1373651955816064,-1.3003835516212046,-1.6760869129986284,-0.3757033613774239,1.3003835516212046,False
hypo_support,25,-0.761726999458159,-0.7476037806341114,1.1123425701620369,1.6052978755446758,-0.2315528575167902,1.2621855837794789,0.7944444444444444,0.5738934056007227,0.4445129640728647,0.019501414536057155,0.18916981901672872,0.0022522684764653693,0.4029329608938547,0.4490740740740741,1.4513240367513198,1.5534424599239611,11.555555555555555,14.0,0.0,14.0,4.0,0.3333333333333333,1.7777777777777777,14.0,-0.4583465235218309,-0.2777508694330302,-1.2863140389954846,-1.3568292557918005,-0.25774466568402893,1.6241113836040455,1.3577020539660283,1.666982438663633,1.1326562654474766,1.3828840308634085,1.7512451411739107,-0.41300820607548433,0.9310800230511163,-0.8448101719355365,1.104741495199431,0.9130502472532378,-1.9495516671349675,-2.8626019143882053,-0.9130502472532378,False
hypo_support,26,-0.8125622749486117,-0.6796561893118374,1.198716286503572,1.729063213780195,0.08941046624884535,1.1538002076939229,0.6166666666666667,0.5734492494846558,0.6636540618628968,0.0004932682950972304,0.194461235399953,0.0026744094692192897,0.3950186219739292,0.46574074074074073,1.3797142273531764,1.6977891859746739,6.0,15.333333333333334,0.0,15.333333333333334,6.142857142857143,0.1111111111111111,2.7777777777777777,15.333333333333334,-0.46221736004094743,-0.8428074525664793,-1.2516795400504888,-0.8366187593692544,1.5967258659288335,1.5585343130530078,1.4699023958719724,1.4152247702678282,1.492358785777649,-0.3790322371581344,-0.1292865540463961,0.14858935459372952,1.1543857059264075,-0.8483307780067924,1.506549226179858,0.19866406732890163,-2.3548800041866507,-2.553544071515552,-0.19866406732890163,False
hypo_support,27,-0.7344258517483246,-0.7665789049320872,1.0687752278440619,1.6798744639839251,0.17637006427578528,1.0591282402618538,0.6388888888888888,0.5266258169934641,0.7103894794463356,0.0015778302791950298,0.16087851269782835,0.0028185997276116955,0.41550279329608936,0.48148148148148157,1.4876301068515478,1.8298320107944293,5.777777777777778,13.666666666666666,2.5,11.166666666666666,6.25,0.0,2.6666666666666665,11.166666666666666,-0.8702852575232153,-0.8105665974529935,-1.4714922876702643,-0.6589310029439175,1.992221989500097,1.7282632015380464,1.5758693854498091,1.794623213494197,1.821400795795215,-0.4495088878789961,-1.0695524016565496,0.08618962563048352,0.45655544694112243,-0.9528187863975977,1.782475717155473,-0.24407905424098497,-2.735294503553071,-2.4912154493120857,0.24407905424098497,False
hypo_support,28,-0.7321758722098246,-0.7398049324102769,1.1348941530750285,1.62347836628211,0.11988896701204281,0.8924393268226264,0.7333333333333333,0.3770027456295833,0.4591769180724013,-0.010094021102063254,0.17262227775399897,0.00255166720596622,0.4038640595903166,0.4837962962962963,1.4483430123399919,1.6857904648079405,9.0,8.0,0.0,8.0,3.0,0.1111111111111111,2.7777777777777777,8.0,-2.1742557034699947,-1.1575365953017773,-1.3946245099354158,-0.9878758388638478,-0.1336516915987996,1.6318263330806388,1.5914527662700786,1.6565020902094956,1.4624587640556692,0.5724025475734988,-0.1292865540463961,0.14858935459372952,-0.07379554988769399,-1.4285731618927588,1.2417176524034166,0.12947744955828458,-2.6702908142961754,-2.79976826385446,-0.12947744955828458,False
hypo_support,29,-0.7947677888555701,-0.7432354063762878,1.1639568207516113,1.6525366514915412,0.08173195912406292,0.8559445986350983,0.5388888888888889,0.5282063645130183,0.752381103048418,0.003404736978842668,0.18184668725612715,0.0022644638607898803,0.4029329608938547,0.4837962962962963,1.470244372583473,1.780008186204511,4.333333333333333,5.666666666666667,4.0,1.666666666666667,5.1,0.0,2.0,1.666666666666667,-0.8565107290689715,-0.7562580055303354,-1.3342469516350435,-1.3418007059887354,2.3475739948060736,1.6241113836040455,1.5914527662700786,1.7335004153822247,1.697243111254551,-0.9076071175645974,-1.0695524016565496,-0.2882087481489923,-1.134497543545327,-1.0722040980557714,1.7987763342633947,-0.8499664527288666,-2.870980432319166,-2.0210139795902995,0.8499664527288666,False
hypo_support,30,-0.8346489362592882,-0.6846120604165138,1.1395019333615353,1.612784488281352,-0.16354129336443995,1.1512949417389722,0.7611111111111111,0.5065480895915678,0.48156817048018374,-0.00637198297802556,0.19517325298043894,0.002676793784644713,0.3907122905027933,0.4537037037037037,1.3558328491313745,1.424531455073649,11.777777777777779,15.0,1.0,14.0,5.75,0.3333333333333333,0.7777777777777778,14.0,-1.0452633736332462,-1.046891289967944,-1.2470190918161859,-0.8336805327284447,0.055833157089527415,1.5228526717237676,1.3888688156065683,1.3312653218384756,0.8114185442215616,1.4533606815842706,1.7512451411739107,-0.9746057667446981,0.9310800230511163,-1.043213572036455,1.0220477020959802,0.7902700197661499,-2.0652612741324354,-2.8555312938985855,-0.7902700197661499,False
hypo_support,31,-0.8659892917249926,-0.702253486009525,1.042945413691621,1.641481634069328,0.05928596941320675,0.9184219856791508,0.6944444444444444,0.5046296296296297,0.5096765364590486,0.020713818531255517,0.19468083932499583,0.0023863815154167027,0.39199255121042825,0.4861111111111111,1.3474360202801676,1.6887935231353406,7.111111111111111,8.666666666666666,0.0,8.666666666666666,7.2,0.1111111111111111,4.0,8.666666666666666,-1.061982821170957,-0.24170964530629846,-1.2502421419401593,-1.1915598037197084,0.2936987921770118,1.5334607272540817,1.6070361470903487,1.3017447006936123,1.469942187328358,-0.02664898355382592,-0.1292865540463961,0.8349863731894354,0.03785729154995149,-0.9363736030342807,1.2411765109086823,0.1792270317847912,-2.177550113942963,-2.3567771457277544,-0.1792270317847912,False
over_stabilization,0,0.7074814535758961,0.6936329502773733,1.1159357688870626,1.5061786685143324,-0.050595950033051264,0.9905003642012574,0.9111111111111111,0.8083635213616237,0.2092409413748324,0.10825479100025469,0.5917525198701992,0.0058327248521372575,0.08542830540037244,0.10509259259259258,0.6880296120989728,0.6621726231263003,11.222222222222221,15.0,0.0,15.0,5.666666666666667,0.3333333333333333,4.777777777777778,15.0,1.5850689646308984,2.360627382221429,1.348755499698973,3.055419307079484,-2.2487223390024997,-1.0066863879140477,-0.9579883359261012,-1.0165217664875428,-1.0883293804462022,1.2771690547821157,1.7512451411739107,1.2717844759321573,1.0985592852075847,2.087467788407696,-1.2636496419552787,1.349689489273942,3.351117430362975,2.001427941089033,-1.349689489273942,True
over_stabilization,1,0.7327707493457407,0.6313021026321936,1.2947384458151994,1.76394110646648,0.35125273949744795,1.2075454943748194,0.8166666666666667,0.5900376647834276,0.3623684014625498,0.014150596788972323,0.5077280158675623,0.003602932087307554,0.11952979515828678,0.14351851851851852,0.7638151219123814,0.8455695972007258,11.444444444444445,23.666666666666668,0.0,23.666666666666668,12.0,0.3333333333333333,2.3333333333333335,23.666666666666668,-0.3176487243518428,-0.436815028284161,0.798780524291755,0.30761319248203184,-0.9528889002858598,-0.724126363333842,-0.6993042143096183,-0.750083642867767,-0.6313162177623339,1.3476457055029778,1.7512451411739107,-0.10100956125925425,2.5500462238969774,0.08798249103444573,-0.7515438677118842,1.3869818773286529,0.83952635874633,-0.5474555185823229,-1.3869818773286529,False
over_stabilization,2,0.6957511000294849,0.6485813624090162,1.1782950118466609,1.593374754708478,0.1409395420757092,0.916050716177426,0.8,0.617331206804891,0.46012645274401176,0.021528633901855235,0.5064376843570662,0.004309183418715061,0.09031657355679702,0.10694444444444445,0.7213929746712207,0.7464626115861316,8.444444444444445,2.6666666666666665,1.0,1.6666666666666665,6.333333333333333,0.2222222222222222,1.8888888888888888,1.6666666666666665,-0.0797845244208003,-0.21748756792120572,0.7903347732673868,1.177936999023019,-0.12561630213966005,-0.9661829031619363,-0.945521631269885,-0.8992266299465044,-0.8782842889007901,0.39621092077134457,0.8109792935637573,-0.3506084771122383,-1.134497543545327,0.4177499199871,-0.7629663510837552,-0.06947895158061587,1.1807162710708552,1.250195222651471,0.06947895158061587,False
over_stabilization,3,0.6560625468661581,0.6787382190125484,1.26447498381804,1.7204158490638473,0.18044748882588751,1.2317304260902395,0.8833333333333333,0.6663260250216773,0.24685523517203162,0.0237149972660372,0.49900799974200866,0.004472636431175724,0.09986033519553073,0.11898148148148148,0.7101676361124536,0.724846302030746,13.222222222222221,26.666666666666668,0.0,26.666666666666668,4.333333333333333,0.3333333333333333,5.888888888888889,26.666666666666668,0.34720707772222875,-0.15249338088203734,0.7417044283227573,1.3793625279658779,-1.9304132672775367,-0.8871046710268616,-0.8644880510044809,-0.9386914056002988,-0.9321507065192798,1.9114589112698712,1.7512451411739107,1.8957817655646172,3.0524840103663826,0.5789451632822067,-1.1105696202856916,2.1527424570936953,1.6895147835678983,-0.46322767352579697,-2.1527424570936953,False
over_stabilization,4,0.7258659307276092,0.7264754382539683,1.137049277273893,1.5470941135854668,0.13306684165525767,0.8144644557844725,0.9055555555555556,0.6681681681681683,0.18804052031425844,0.12997766645190853,0.509555539777189,0.004008601562972974,0.07984171322160148,0.0837962962962963,0.7031979955566348,0.6901873827643712,13.555555555555555,21.666666666666668,5.0,16.666666666666668,12.333333333333334,0.3333333333333333,9.0,16.666666666666668,0.36326142146969675,3.0063849233800104,0.810742420754976,0.807525598388559,-2.4281298372358475,-1.0529760847736036,-1.1013554394725853,-0.9631944795595389,-1.0185184472580273,2.017173887351164,1.7512451411739107,3.6429741765355046,1.3776913888016988,1.2469785909983107,-1.3128348576599207,2.1972711484655694,2.5598134486582316,0.3625423001926622,-2.1972711484655694,False
over_stabilization,5,0.6835899220178747,0.6785881662931175,1.162035945816208,1.5671288267844274,0.023677431948592186,1.0426773920057544,0.7833333333333333,0.730738197349611,0.47506823343254245,0.019123072053043796,0.5208506869973936,0.003267268396725999,0.08915270018621974,0.08703703703703702,0.7414769372236532,0.8106986870203692,8.0,21.666666666666668,1.0,20.666666666666668,20.5,0.2222222222222222,5.555555555555555,20.666666666666668,0.9085614752040881,-0.2889978846861576,0.8846738100370591,-0.10603006440546911,0.0008277663447075911,-0.9758265900076771,-1.0795387063242075,-0.8286177060177088,-0.7182122258759824,0.2552576193296211,0.8109792935637573,1.708582578674879,2.0476084374275723,0.34955183403738016,-0.7202734923761737,1.2056069822489572,1.0698253264135538,-0.13578165583540347,-1.2056069822489572,False
over_stabilization,6,0.7272232001845041,0.6402572654633297,1.2185751107681246,1.6342488419332577,0.17407228800661517,1.0388133127238706,0.7944444444444444,0.6696846513919685,0.439268544880758,0.045054424844242075,0.506787917651239,0.004195683828863771,0.10986964618249534,0.12824074074074074,0.7581403838272696,0.7995044025503047,12.444444444444445,18.666666666666668,0.0,18.666666666666668,16.5,0.3333333333333333,1.6666666666666667,18.666666666666668,0.37647762728330775,0.4818653767005853,0.7926271943847247,1.0380698006372104,-0.3021252996466522,-0.8041689641534907,-0.8021545277234006,-0.7700342451815008,-0.7461076444098288,1.6647906337468557,1.7512451411739107,-0.4754079350387302,1.7126499131146355,0.6722599997514571,-0.6849181362229746,1.163319438249168,1.3571781359744317,0.19385869772526365,-1.163319438249168,False
over_stabilization,7,0.7331887086125829,0.7107629473141002,1.1100759006661345,1.5108578501016419,0.01827901017113687,1.011853741494676,0.7722222222222223,0.6482683982683982,0.429645815979886,0.06182953715799554,0.682332776929497,0.00494827620395819,0.08042364990689015,0.09074074074074075,0.7212133067557385,0.6936455105475883,4.222222222222222,10.0,0.0,10.0,10.5,0.1111111111111111,1.6666666666666667,10.0,0.18983421138834095,0.9805403934817424,1.9416405781637442,1.965500350552822,-0.3835571595776664,-1.048154241350733,-1.0546052970117754,-0.8998582860822697,-1.00990102091744,-0.9428454429250281,-0.1292865540463961,-0.4754079350387302,0.2611629744252428,1.2693788833966624,-0.8792152009879768,-0.3215942393962279,2.148594084384639,2.470188323780867,0.3215942393962279,True
over_stabilization,8,0.7212162153158322,0.6851379357449044,1.102340494622866,1.5126833248823301,-0.28942221977727317,1.1286110388286283,0.8,0.8079353750995542,0.4425873752054426,0.060422513752210416,0.5996943413079799,0.0038559947799198862,0.08042364990689013,0.08194444444444443,0.7036736123807472,0.6966841061681117,10.666666666666666,4.0,17.0,-13.0,6.5,0.2222222222222222,5.333333333333333,13.0,1.5813376545649294,0.9387137035992482,1.4007379910183497,0.6194660359859748,-0.2740398647436666,-1.0481542413507332,-1.1138221441288016,-0.9615223597243551,-1.0023290410542975,1.1009774279799616,0.8109792935637573,1.583783120748387,0.7636007608946479,1.1350638462921256,-0.879973530200371,1.0648351507966884,2.0150373764924967,0.9502022256958083,-1.0648351507966884,False
over_stabilization,9,0.6707483606097655,0.6429517777221284,1.2367169978977093,1.7085576860757676,0.14816783222067115,1.2881800813746793,,,,,0.5463145460414482,0.0031666802930703434,0.10439944134078212,0.10416666666666667,0.7198439832790121,0.7729075944971173,13.777777777777779,16.666666666666668,0.0,16.666666666666668,7.0,0.2222222222222222,5.888888888888889,16.666666666666668,,,1.0513452521093307,-0.2299862502180472,,-0.8494942923284725,-0.964221688254209,-0.9046723986832901,-0.8123851357753636,2.087650538072026,0.8109792935637573,1.8957817655646172,1.3776913888016988,0.41067950094564176,-0.8826933787603338,1.5430257465005248,1.2933728797059756,-0.24965286679454923,-1.5430257465005248,False
over_stabilization,10,0.7275585188389352,0.7061895310832119,1.1004931312999726,1.5180453727698942,-0.007574148001755493,0.9317587662559113,0.7555555555555555,0.7324204820995579,0.5454105684547501,0.04818875648639496,0.6115826665172163,0.004281479853097387,0.08310055865921788,0.11018518518518518,0.7119729957804397,0.7791150442506551,12.666666666666666,20.0,14.0,6.0,10.25,0.2222222222222222,2.888888888888889,6.0,0.9232226472786997,0.5750398875482312,1.4785519744770033,1.1437974914413762,0.5960962428607411,-1.0259737616055293,-0.923704898121507,-0.9323443262762783,-0.7969165804276933,1.735267284467717,0.8109792935637573,0.21098908355697554,-0.40875407420063076,1.0301530001863277,-0.6165686647140534,0.5871203968469548,1.646721664900381,1.0596012680534264,-0.5871203968469548,False
over_stabilization,11,0.741000523292411,0.7051457747291894,1.1458438884894995,1.509267007773247,-0.06606878019851146,1.0067460038540454,0.8111111111111111,0.7467033254778738,0.4728986288595685,0.06182033439419849,0.648250337895795,0.006439340179228165,0.0811219739292365,0.09398148148148149,0.6786001562740325,0.6678997161074105,7.888888888888889,15.333333333333334,0.5,14.833333333333334,16.75,0.1111111111111111,5.555555555555555,14.833333333333334,1.0476981407947785,0.9802668222349399,1.7185569813978527,3.802960213696532,-0.017532403365164553,-1.0423680292432889,-1.0327885638633971,-1.049672780750538,-1.0740578424914942,0.22001929396919034,-0.1292865540463961,1.708582578674879,1.0706460748481734,1.8873705395310258,-0.8432839239427766,0.7174903483614616,2.7306544634738024,2.0131641151123407,-0.7174903483614616,True
over_stabilization,12,0.7064894899377195,0.7147466923649151,1.1203510003807327,1.5121834348111418,-0.021422478971481723,0.9245317758467199,0.85,0.7949232406140752,0.3509312580173337,0.03902556171595194,0.712415026904782,0.005754876383410689,0.075768156424581,0.08518518518518518,0.7085770461153731,0.7252974858216765,9.333333333333334,16.666666666666668,0.0,16.666666666666668,8.6,0.1111111111111111,6.666666666666667,16.666666666666668,1.4679364347324277,0.30264491215523137,2.1385412904825216,2.959485504731153,-1.049675152152246,-1.0867289887336964,-1.0920054109804234,-0.9442834220070492,-0.9310263862719828,0.6781175236547916,-0.1292865540463961,2.3325798683073393,1.3776913888016988,1.7171520355253334,-1.0207438720290796,1.0647755566793584,2.737895907554413,1.6731203508750545,-1.0647755566793584,True
over_stabilization,13,0.7150029476566816,0.7287704695453957,1.1256901801883066,1.5256471247631567,-0.005391603742545027,0.9789675797266628,0.8111111111111111,0.6934241934241934,0.4365135888504094,0.03826678930848133,0.6112407868315209,0.0037466371038848006,0.08147113594040968,0.09212962962962963,0.6899229980056809,0.7347773956370154,8.666666666666666,11.666666666666666,0.0,11.666666666666666,6.5,0.2222222222222222,5.111111111111111,11.666666666666666,0.5833685895403843,0.28008882812125097,1.4763142311667112,0.48470297834804893,-0.3254389766597414,-1.0394749231895666,-1.0452552685196135,-1.0098652144697033,-0.9074030762990075,0.4666875714922061,0.8109792935637573,1.458983662821895,0.5402950780193566,0.7061186567940988,-0.8654874918275265,0.8192364014743038,1.5716061486216253,0.7523697471473215,-0.8192364014743038,False
over_stabilization,14,0.6840892669376458,0.6697965912387301,1.1590512820335641,1.581303012664859,0.06102205240702937,1.017033625140421,0.7777777777777778,0.5965386154461785,0.4732712066070459,0.02513398393728563,0.6196306799146062,0.004001309123411285,0.09334264432029797,0.10787037037037038,0.7245396884315836,0.7187310446792048,4.777777777777778,2.0,1.5,0.5,17.0,0.1111111111111111,2.6666666666666665,0.5,-0.2609927056141357,-0.11031105811350986,1.5312295358960815,0.7985390188579398,-0.014379482893379994,-0.9411093173630101,-0.9392882789417768,-0.8881637696194595,-0.9473895244821074,-0.7666538161228739,-0.1292865540463961,0.08618962563048352,-1.3298900160612068,0.48961619775659393,-0.7460660746599468,-0.5349101901499983,1.2356822724165406,1.770592462566539,0.5349101901499983,True
over_stabilization,15,0.7429002491350006,0.7122932778913593,1.1057388257055958,1.4190497849910495,-0.06184501697817956,0.8020987731036656,0.85,0.7300214842615906,0.3949076137361658,0.06709145774278534,0.5715332000040722,0.003645289236384135,0.07344040968342645,0.07222222222222223,0.6934653106188361,0.6783190097581214,10.222222222222221,14.0,0.5,13.5,7.0,0.2222222222222222,6.111111111111111,13.5,0.9023152948758624,1.1369618997490853,1.2164117259615534,0.359810524478682,-0.6775274510102268,-1.106016362425178,-1.1792723435739356,-0.997411552440544,-1.0480936499617366,0.960024126538238,0.8109792935637573,2.0205812234911087,0.847340391972882,0.9038748612662957,-1.001664271882324,1.1597312588914965,1.9055391331486198,0.7458078742571232,-1.1597312588914965,False
over_stabilization,16,0.6738902257385435,0.6779703720818255,1.1721680706908308,1.5950050230525827,0.14444562956198434,0.8952895280737829,0.8722222222222222,0.773481587757054,0.29910288071356445,0.06438049302069372,0.5010610288403914,0.003502182640361468,0.09415735567970203,0.10416666666666667,0.705376388427936,0.7313057222057028,12.777777777777779,23.0,6.5,16.5,20.5,0.3333333333333333,7.444444444444445,16.5,1.2810716592473061,1.056372848957826,0.7551423490971294,0.18345818098170946,-1.4882701915147116,-0.9343587365709918,-0.964221688254209,-0.9555359322915291,-0.9160542575011895,1.7705056098281484,1.7512451411739107,2.769377971050061,1.349778178442287,0.8190112595709926,-1.0516881612265263,1.9102267251236018,1.870699420797519,-0.03952730432608287,-1.9102267251236018,False
over_stabilization,17,0.7816158435509973,0.7147975302268554,1.0826529087115841,1.4614559684208255,-0.08471289757125643,1.0024591962485887,0.8111111111111111,0.691390186449475,0.35480694990989353,0.06057117453186584,0.662781542546099,0.004606719110706419,0.08845437616387337,0.09444444444444444,0.7060141572133944,0.7085839273491945,12.444444444444445,15.0,4.0,11.0,12.0,0.2222222222222222,6.333333333333333,11.0,0.5656421456323321,0.9431329537003988,1.8136696989919656,1.544594567681548,-1.016877304204758,-0.9816128021151216,-1.0296718876993434,-0.9532937369309756,-0.9726754715731994,1.6647906337468557,0.8109792935637573,2.145380681417601,0.42864223658171113,1.216759841501561,-0.9908262405046797,1.2624482113274813,2.207586082006241,0.9451378706787597,-1.2624482113274813,False
over_stabilization,18,0.6653645211209162,0.676279877667227,1.178774999801313,1.6523190558305632,0.19558366005577577,1.0144149719302884,0.8166666666666667,0.6036565561318037,0.34484180069738285,0.03616663878665871,0.46817612449225715,0.004124751257297846,0.09171322160148976,0.10972222222222223,0.7381586605412418,0.7704565455568733,6.555555555555555,7.666666666666667,2.0,5.666666666666667,14.0,0.1111111111111111,2.888888888888889,5.666666666666667,-0.19895959664603557,0.2176574966866349,0.5398971099277761,0.9506585591320573,-1.1012068788217142,-0.9546104789470473,-0.926821574285561,-0.8402837278613265,-0.8184929880653328,-0.20284061035598017,-0.1292865540463961,0.21098908355697554,-0.46458049491945347,0.3773133922751082,-0.9282831295961964,-0.14642964394121355,1.3055965218713046,1.4520261658125182,0.14642964394121355,False
over_stabilization,19,0.7557229519931121,0.6997772182832359,1.1626891906485683,1.5138809468289982,-0.22062379772765225,1.1150684199896583,0.8833333333333333,0.7583333333333333,0.21300449251011133,0.05252286879063599,0.5462571724798352,0.003913562751443663,0.07995810055865922,0.09305555555555556,0.7179525043056654,0.7335390853509035,8.11111111111111,16.666666666666668,0.0,16.666666666666668,5.333333333333333,0.1111111111111111,5.111111111111111,16.666666666666668,1.1490540773586433,0.7038803677563317,1.0509697185252684,0.6904078861224773,-2.2168734765801705,-1.0520117160890297,-1.0390219161915053,-0.9113222465205029,-0.9104888638540971,0.2904959446900518,-0.1292865540463961,1.458983662821895,1.3776913888016988,0.8985780124406801,-1.2259436438470612,0.7494711105668124,2.124521656287741,1.3750505457209288,-0.7494711105668124,False
over_stabilization,20,0.7043353896544619,0.7059427647936949,1.1315861873418698,1.5109658545807492,-0.1671614224482235,1.0205830198186185,0.8,0.7698958018725461,0.4845006502804435,0.05686435081038339,0.5824691575442384,0.003997405419680653,0.07797951582867785,0.09212962962962963,0.6793847105425976,0.6603921013270839,5.888888888888889,12.0,1.5,10.5,9.8,0.0,1.6666666666666667,10.5,1.2498214063533521,0.8329399280477768,1.2879920708930581,0.7937284278694864,0.08064912008767854,-1.0684059837267887,-1.0452552685196135,-1.0469145335907701,-1.0927663233281346,-0.41427056251856514,-1.0695524016565496,-0.4754079350387302,0.34490260550347696,1.0411204582909184,-0.8345385978155256,-0.403582073427592,1.8756590561064441,2.2792411295340362,0.403582073427592,True
over_stabilization,21,0.7107982020716521,0.7325957911589323,1.1395602388555952,1.5169257816830364,-0.04873953378495886,0.8432905689158467,0.8777777777777778,0.717739003998546,0.24602796023628298,0.0776696433711972,0.5753779343509753,0.005122710658440524,0.0773975791433892,0.07361111111111111,0.6838111277489891,0.676873655433796,11.333333333333334,11.666666666666666,0.0,11.666666666666666,8.75,0.3333333333333333,4.666666666666667,11.666666666666666,0.7952730378232433,1.4514204140707798,1.241577095314034,2.180458470510501,-1.9374140398635975,-1.0732278271496594,-1.1699223150817735,-1.0313526366300854,-1.0516953776036044,1.312407380142547,1.7512451411739107,1.2093847469689114,0.5402950780193566,1.4171822544296395,-1.2527224392657441,1.2033330865761815,2.6699046936953836,1.466571607119202,-1.2033330865761815,False
over_stabilization,22,0.7080445183735673,0.7131464964619797,1.1669008477163092,1.575270120394843,0.04571180834529077,0.9485285720045058,0.8666666666666667,0.7857399910031488,0.30391186536297293,0.09045621214375951,0.6502550363783683,0.004439134124804782,0.08310055865921788,0.0949074074074074,0.7328772469207792,0.751591839346999,12.333333333333334,17.0,0.0,17.0,6.5,0.3333333333333333,1.0,17.0,1.3879040842316286,1.831527699075551,1.7316785583918397,1.3380771476600437,-1.4475744004958517,-1.0259737616055293,-1.0265552115352894,-0.8588515245095326,-0.8655025916402419,1.6295523083864247,1.7512451411739107,-0.8498063088182062,1.4335178095205214,1.5722968723397657,-1.044891497957289,0.9911272375656627,2.617188370297055,1.626061132731392,-0.9911272375656627,True
over_stabilization,23,0.7362409768955624,0.7505126170983804,1.1514878831611175,1.434154838785446,-0.12775927176418203,0.840331815341151,0.7944444444444444,0.6725571725571727,0.4128152543234488,0.030992290870881303,0.6455380247666684,0.003660561975568048,0.06645716945996276,0.06574074074074074,0.6800192523460653,0.682575404661288,14.11111111111111,20.333333333333332,4.5,15.833333333333332,18.5,0.3333333333333333,4.888888888888889,15.833333333333332,0.40151175250637205,0.06383926969233268,1.700803775185041,0.3786313435153845,-0.525984942121046,-1.1638784834996228,-1.2229058098706918,-1.0446836832885094,-1.0374869946112606,2.193365514153318,1.7512451411739107,1.3341842048954036,1.2381253370046414,0.6361965352247825,-0.9989879826782261,1.6292300493068184,1.6351845179030087,0.00595446859619031,-1.6292300493068184,False
over_stabilization,24,0.7061214660864646,0.6844496033790469,1.1814321886243397,1.5927638761949254,0.028199541878917506,0.9801757639315668,0.8944444444444445,0.871617165099772,0.3216172201928391,0.10096689560008162,0.5418156696167804,0.004242934216621225,0.0902001862197393,0.09861111111111111,0.7329308158141125,0.7545568864406569,6.888888888888889,4.666666666666667,3.0,1.666666666666667,19.5,0.0,4.888888888888889,1.666666666666667,2.136326743803202,2.143979571285406,1.0218982535178347,1.096297141960092,-1.2977437246670944,-0.9671472718465103,-1.0016218022228573,-0.858663193053305,-0.8581138898548499,-0.09712563427468739,-1.0695524016565496,1.3341842048954036,-1.134497543545327,1.5996254276416337,-0.9966579763289234,-0.24174784364529012,2.596283403970557,2.8380312476158474,0.24174784364529012,True
over_stabilization,25,0.7189048897497778,0.7016471051134837,1.136921024132846,1.5147458248699897,-0.17469199676070615,1.0230653766752182,0.8888888888888888,0.8561509765196401,0.3431306051691688,0.08837769634807727,0.634836578379907,0.004717407387596375,0.07879422718808193,0.08703703703703702,0.7552202105968282,0.7879738055482546,9.555555555555555,8.0,1.0,7.0,7.0,0.2222222222222222,3.111111111111111,7.0,2.0015383543115526,1.7697395047609328,1.6307584023114792,1.6809973441412271,-1.1156877850182376,-1.0616554029347705,-1.0795387063242075,-0.7803006599364997,-0.7748411315904928,0.7485941743756531,0.8109792935637573,0.33578854148346754,-0.24127481204416237,1.770758401381298,-0.9624047371608416,0.4135217993446789,2.7331631385421398,2.319641339197461,-0.4135217993446789,True
over_stabilization,26,0.7133339694009202,0.6704345363799044,1.19401704381278,1.6086257218282523,0.16977274757776584,1.1167015363502921,0.8555555555555555,0.7751984126984127,0.3415252385261886,0.0579350877124,0.5187488866859167,0.004430404364965532,0.09671787709497208,0.09074074074074073,0.7120493271528738,0.6561974648945641,11.0,13.333333333333334,1.5,11.833333333333334,8.0,0.3333333333333333,1.8888888888888888,11.833333333333334,1.2960338503318056,0.8647698039135596,0.8709166615916591,1.327319337408072,-1.1292731195897272,-0.9131426255103617,-1.0546052970117754,-0.9320759690705969,-1.1032190806432958,1.2066924040612543,1.7512451411739107,-0.3506084771122383,0.5682082883787682,1.089759913311274,-1.0264632183651514,0.7938843391254237,2.1162231316764255,1.322338792551002,-0.7938843391254237,False
over_stabilization,27,0.6910751904682708,0.7064185660704969,1.1839970968999836,1.5588401713187687,0.11854389288371713,1.0978809680061812,0.7944444444444444,0.7855741492692396,0.4452782616725633,0.05674809801178665,0.5296860064982322,0.002512242440069085,0.09369180633147113,0.11388888888888889,0.7164548383677567,0.7327768705774796,12.555555555555555,13.0,1.0,12.0,21.5,0.3333333333333333,6.333333333333333,12.0,1.3864587675585318,0.8294840724202973,0.9425046140729405,-1.036459552340465,-0.25126837319089346,-0.938216211309288,-0.898771488809075,-0.9165875710302687,-0.9123882527944264,1.7000289591072864,1.7512451411739107,2.145380681417601,0.5961214987381795,0.5304969754278261,-0.7834463794267903,1.5481940701092445,1.3139433548546164,-0.23425071525462804,-1.5481940701092445,False
over_stabilization,28,0.7600494495339978,0.7381292963901305,1.1288501894075778,1.449618435251164,-0.21499668348301898,0.9473933475315793,0.8666666666666667,0.6848450057405282,0.2672235424740379,0.09597244237742257,0.6634951211954965,0.0048706837969998105,0.06936685288640596,0.08148148148148147,0.6862642446585097,0.7040854361192725,11.0,21.0,1.0,20.0,13.0,0.3333333333333333,6.222222222222222,20.0,0.5086006604519393,1.9955090872708083,1.8183403650650574,1.8698820968525265,-1.75804748992528,-1.139769266385271,-1.1169388202928554,-1.0227282456613918,-0.9838854150014807,1.2066924040612543,1.7512451411739107,2.082980952454355,1.9359555959899264,1.5480830524100828,-1.2042738474532557,1.7442185234198615,2.7523568998633383,1.0081383764434768,-1.7442185234198615,False
over_stabilization,29,0.73066716526992,0.6923006882322341,1.136595206198969,1.525054215055881,-0.034116510490214025,0.8904609220153797,0.8444444444444444,0.613094748388866,0.2658949757846564,0.050113945209335445,0.6291897763192643,0.004743611724893065,0.08414804469273744,0.0949074074074074,0.7408081119239034,0.7578660828118674,13.88888888888889,19.666666666666668,0.0,19.666666666666668,5.666666666666667,0.4444444444444444,4.111111111111111,19.666666666666668,-0.11670541181886888,0.6322701165185689,1.5937977577793323,1.7132893308175396,-1.7692904187943375,-1.0172944434443625,-1.0265552115352894,-0.8309690863585353,-0.8498675907695926,2.1228888634324568,2.6915109887840645,0.8973861021526811,1.8801291752711038,0.955662948324143,-1.0987953501804235,1.8979787824100764,2.0544582985045663,0.15647951609448985,-1.8979787824100764,False
over_stabilization,30,0.7092120513164824,0.6873663006812387,1.1635165632685862,1.5967301868867696,0.05475353396980997,0.970881833169816,0.7944444444444444,0.7519621300109106,0.4431889131090502,0.0584750581750219,0.6763389879006644,0.004504404796245431,0.09182960893854748,0.10416666666666667,0.6944243623745484,0.7095439615006542,11.222222222222221,6.666666666666667,6.0,0.666666666666667,15.4,0.2222222222222222,5.888888888888889,0.666666666666667,1.0935288113563666,0.8808215461894392,1.9024087610544778,1.4185111471407954,-0.2689493804523209,-0.9536461102624733,-0.964221688254209,-0.9940398267521455,-0.970283129790804,1.2771690547821157,0.8109792935637573,1.8957817655646172,-1.3019768057017953,1.3238175664352696,-0.8302280271023905,0.6704883270521736,2.15404559353766,1.4835572664854864,-0.6704883270521736,False
over_stabilization,31,0.721373853277058,0.7234988731738143,1.130650123503486,1.5342115193015855,-0.050043055154636404,0.9849567071756947,0.8555555555555555,0.7774356869184457,0.330088384760588,0.09080971191856835,0.6345805887965041,0.0034382217807227204,0.08857076350093111,0.09537037037037037,0.7079689656269557,0.760371485895321,6.111111111111111,12.333333333333334,2.0,10.333333333333334,11.6,0.0,5.333333333333333,10.333333333333334,1.315531775590315,1.842036213286237,1.6290828450855526,0.10463828166981881,-1.2260569200569194,-0.9806484334305474,-1.0234385353712352,-0.9464212426107851,-0.8436242915398988,-0.3437939117977037,-1.0695524016565496,1.583783120748387,0.31698939514406566,1.2228222789079808,-1.0040378846018772,0.12185655060954981,2.226860163509858,2.1050036129003082,-0.12185655060954981,True
mistimed_support,0,0.3226433828006744,0.30752122163468076,0.9554746726591532,1.7345245743343254,0.2458341070874066,1.1271447374365478,0.8222222222222222,0.7015108463706595,0.44124629940321763,0.05829937074417359,0.38346352902789804,0.0035133201632034693,0.16980912476722534,0.2263888888888889,0.8330061537392864,0.9203059699622005,7.111111111111111,7.666666666666667,0.5,7.166666666666667,13.0,0.0,1.7777777777777777,7.166666666666667,0.6538440606873148,0.8755988728095006,-0.01458170741496532,0.19718311266568944,-0.2853886513517732,-0.3075190915978387,-0.14141918094395056,-0.5068296390791025,-0.44507810638879947,-0.02664898355382592,-1.0695524016565496,-0.41300820607548433,-0.21336160168475093,0.42801108468688487,-0.3372469338722929,-0.4306427982426527,0.7652580185591777,1.1959008168018306,0.4306427982426527,False
mistimed_support,1,0.3554550139160984,0.39676408528175305,0.8703723975774954,1.5288666423074333,-0.1453277432437114,1.0686021318613788,0.8055555555555556,0.6856763086271283,0.3870633705023436,0.026653402883098417,0.44458656731574014,0.003410756314573407,0.13093575418994413,0.17546296296296296,0.7806026133694896,0.877672267911703,5.0,5.333333333333333,0.0,5.333333333333333,4.625,0.1111111111111111,1.7777777777777777,5.333333333333333,0.5158454949943372,-0.06514317761713995,0.38549374531386577,0.07079218753240377,-0.7439089653251039,-0.629618232245582,-0.48425355898989164,-0.6910640791658476,-0.55131847981564,-0.6961771654020121,-0.1292865540463961,-0.41300820607548433,-0.5204069156382763,0.22674706255586669,-0.620032663108413,-0.43971971029054224,0.8467797256642797,1.286499435954822,0.43971971029054224,False
mistimed_support,2,0.35376122940092675,0.3877839696118034,0.8447992935958379,1.5005949832053407,0.08094063130251894,0.9486033449103934,0.75,0.7062703172125664,0.5954443713758185,0.025172523971319565,0.4236616144691969,0.0033608347350278364,0.1332635009310987,0.16203703703703703,0.7860683378755966,0.834566868809101,2.2222222222222223,2.3333333333333335,0.5,1.8333333333333335,4.9,0.0,0.6666666666666666,1.8333333333333335,0.6953230201794549,-0.10916537564300491,0.24853131317842989,0.009273097646865396,1.0195047866590803,-0.6103308585541003,-0.5746371677474579,-0.6718483031525267,-0.6587342911835857,-1.5771352994127836,-1.0695524016565496,-1.0370054957079442,-1.1065843331859155,0.21099051384043632,-0.2992091667957181,-1.1975693824907983,0.5101996806361544,1.7077690631269526,1.1975693824907983,True
mistimed_support,3,0.35175610784964956,0.39300592019825303,0.841103572501327,1.5197740987984458,-0.13324340549621327,1.0251119293688231,0.7444444444444445,0.5328885182096191,0.4560184993929221,0.017092652367495166,0.4274337881001427,0.003429008490961152,0.1298882681564246,0.16712962962962963,0.7255568732099464,0.7612204248483199,5.222222222222222,1.6666666666666667,0.0,1.6666666666666667,13.75,0.1111111111111111,0.4444444444444444,1.6666666666666667,-0.8157055912777563,-0.34935632234225705,0.2732217427684226,0.09328461044901828,-0.1603796510124272,-0.6382975504067485,-0.5403537299428638,-0.8845876664252095,-0.8415087916643224,-0.6257005146811504,-0.1292865540463961,-1.161804953634436,-1.134497543545327,-0.19963889010064312,-0.6130254778903143,-0.7628223914768274,0.41338658778967113,1.1762089792664985,0.7628223914768274,False
mistimed_support,4,0.38744910028053503,0.42432823617522836,0.841744943485647,1.5215062186883763,-0.13955259260469702,0.9955065540642266,0.8333333333333334,0.7638048835125448,0.2551455532414555,0.07598657685805857,0.4556216666961272,0.003334646645241667,0.12523277467411545,0.15787037037037036,0.7602802318391362,0.8233265700713399,7.777777777777778,9.0,1.0,8.0,6.2,0.1111111111111111,3.5555555555555554,8.0,1.1967388338749367,1.401387770116731,0.4577230144108201,-0.02299886698548862,-1.8602568670747102,-0.676872297789712,-0.602687253223944,-0.7625112095706434,-0.6867443742374699,0.18478096860875934,-0.1292865540463961,0.5853874573364514,-0.07379554988769399,0.7582126878542499,-0.9178144003792958,0.14177158050278016,1.6760270882335457,1.5342555077307656,-0.14177158050278016,True
mistimed_support,5,0.3390939416981292,0.4243839360805255,0.9334232089568404,1.5640596113682332,-0.08417336187414348,1.1667469405752022,0.7444444444444445,0.6385830784913353,0.4767722396467919,0.03622364036622982,0.43483885360220964,0.002622437193853587,0.1308193668528864,0.1597222222222222,0.7970182154013704,0.8615762820454873,4.888888888888889,12.666666666666666,0.0,12.666666666666666,5.833333333333333,0.1111111111111111,3.2222222222222223,12.666666666666666,0.10542630134003407,0.219351986900323,0.3216909454817203,-0.9006649515948032,0.015247833332956946,-0.6305826009301562,-0.590220548567728,-0.633351962242284,-0.5914286149166089,-0.7314154907624428,-0.1292865540463961,0.39818827044671357,0.707774340175825,-0.06354892946818144,-0.48606717866476395,0.0613151414534249,0.42251824919658254,0.36120310774315767,-0.0613151414534249,False
mistimed_support,6,0.3876414536071039,0.40801304618098005,0.851502695881147,1.520669072286313,-0.022033422555120946,1.0004872403014053,0.7166666666666667,0.6907407407407408,0.5761827480186775,0.03240469442632371,0.3955742101538003,0.0032027078695215268,0.13524208566108006,0.19999999999999998,0.7940911561823684,0.9239133153770402,2.7777777777777777,3.3333333333333335,0.5,2.8333333333333335,6.0,0.0,1.4444444444444444,2.8333333333333335,0.5599822029328743,0.10582589568556354,0.064687687072311,-0.18558894279640908,0.8565042665965731,-0.5939365909163411,-0.3190697222950292,-0.6436425859770192,-0.4360888395524773,-1.4009436726106295,-1.0695524016565496,-0.6002073929652222,-0.9391050710294472,0.13622671072358494,-0.22724669442885875,-1.002452134565462,0.3634734051524437,1.3659255397179058,1.002452134565462,False
mistimed_support,7,0.37487976953987323,0.4547390047602016,0.829497369642121,1.4903203946514938,-0.06581756188149654,1.0569063718599467,0.7666666666666667,0.5203907203907204,0.4325952692984054,-0.0007568346293431733,0.5345748257438326,0.003417485065163617,0.11638733705772812,0.1486111111111111,0.7430632428223831,0.7914706045978664,8.222222222222221,3.0,0.0,3.0,9.75,0.2222222222222222,1.3333333333333333,3.0,-0.9246243485703973,-0.8799693555787402,0.9745039489846358,0.0790841249299104,-0.3585975590338982,-0.750164317817342,-0.6650207765050241,-0.8230407522140889,-0.7661273390047736,0.32573427005048256,0.8109792935637573,-0.6626071219284683,-0.9111918606700359,-0.18775140755864783,-0.6725901489150254,-0.10927135474606609,0.4848387413563776,0.5941100961024437,0.10927135474606609,False
mistimed_support,8,0.29851241302260406,0.3791059672791704,0.9066116700809074,1.648964077229806,0.27330495122009185,1.0488383612901495,0.8833333333333333,0.7151231527093597,0.33069111021894726,0.05734864185929069,0.42885605952573264,0.0026799792144217823,0.15304934823091246,0.21157407407407405,0.8104355878823276,0.8930790519602029,3.7777777777777777,7.666666666666667,0.0,7.666666666666667,8.333333333333334,0.0,2.111111111111111,7.666666666666667,0.772475799797062,0.8473364842331449,0.28253109486274336,-0.8297550811989973,-1.2209563861431436,-0.4463881821765067,-0.241152818193679,-0.5861806816566468,-0.512925790185249,-1.0837987443667516,-1.0695524016565496,-0.22580901918574628,-0.12962197060651673,0.26814707442348823,-0.601520771671045,-0.627195533953891,0.8696678460945333,1.4968633800484243,0.627195533953891,False
mistimed_support,9,0.3348071264502865,0.4030987386761481,0.9084501600566136,1.5676704997523254,-0.08796138059161447,1.2534283736852783,,,,,0.4447108823206216,0.003688363013482139,0.13058659217877097,0.18379629629629626,0.8014591613984277,0.9312618854947778,10.88888888888889,4.666666666666667,0.0,4.666666666666667,11.5,0.3333333333333333,1.4444444444444444,4.666666666666667,,,0.3863074382069567,0.4128909676281794,,-0.6325113382993041,-0.42815338803691966,-0.6177389866026671,-0.41777668752455704,1.1714540787008236,1.7512451411739107,-0.6002073929652222,-0.6320597570759219,0.399599202917568,-0.524045100115862,0.4226080174583975,0.92364430303343,0.5010362855750325,-0.4226080174583975,False
mistimed_support,10,0.422236862517283,0.4199394395975868,0.8397532342379689,1.5416660163099247,0.02366102515087272,0.8708037896186733,0.7611111111111111,0.540882509303562,0.42435444841040115,0.029415928244246117,0.5382531016408967,0.0034627613174550804,0.11929702048417133,0.1550925925925926,0.7857779181343338,0.8312915880799419,6.555555555555555,3.6666666666666665,0.0,3.6666666666666665,11.0,0.1111111111111111,1.3333333333333333,3.6666666666666665,-0.746037671506798,0.016978620142702308,0.9985797792444048,0.13487871035275853,-0.42833509182542556,-0.72605510070299,-0.6213873102082681,-0.6728693280306954,-0.6668960747258983,-0.20284061035598017,-0.1292865540463961,-0.6626071219284683,-0.7995390192323903,0.10109985955826692,-0.6231085810986554,-0.44856832639080874,0.7242084406569224,1.1727767670477312,0.44856832639080874,False
mistimed_support,11,0.42409587084106903,0.37784124942741026,0.8933702563086479,1.5876682590631999,-0.12126259548491392,1.2252983728508817,0.7888888888888889,0.6707764033740263,0.42496032788811233,0.06463891359856964,0.42626646439972005,0.003012381783747807,0.12558193668528864,0.18425925925925926,0.7687914094174573,0.8275421553207667,9.222222222222221,12.0,0.0,12.0,6.2,0.1111111111111111,3.3333333333333335,12.0,0.38599228505587135,1.0640549367792718,0.26558112850889576,-0.42013055155275847,-0.42320786718132464,-0.6739791917359897,-0.4250367118728654,-0.7325885741044984,-0.676239413852343,0.6428791982943604,-0.1292865540463961,0.4605879994099596,0.5961214987381795,0.32387444969782014,-0.5862103517494043,0.39257553559902586,0.9100848014472245,0.5175092658481986,-0.39257553559902586,False
mistimed_support,12,0.3697252750762134,0.3660976601168333,0.8376482758931988,1.5466046909465554,0.20836825472177783,0.886706221539217,0.7555555555555555,0.713330341508056,0.539403639608778,0.03343352788824207,0.39965709058769083,0.004808260951044833,0.13303072625698323,0.17546296296296296,0.8197257038606696,0.9237433225644933,8.0,4.666666666666667,1.0,3.666666666666667,12.2,0.2222222222222222,1.7777777777777777,3.666666666666667,0.756851385725405,0.13641010485753519,0.09141182061969973,1.7929575142136722,0.5452629092565449,-0.6122595959232486,-0.48425355898989164,-0.5535195426661748,-0.4365124504287618,0.2552576193296211,0.8109792935637573,-0.41300820607548433,-0.7995390192323902,0.694407706354078,-0.3082564477503064,-0.036577578103624026,1.0026641541043844,1.0392417322080083,0.036577578103624026,False
mistimed_support,13,0.4184717423785474,0.40122539066196766,0.8222048707135505,1.5207631493228355,-0.04023271200745568,1.0838865959667352,0.7611111111111111,0.6112864758698092,0.48527213823295706,0.006602422161535575,0.46454210132522483,0.00373327978912433,0.13303072625698323,0.16157407407407406,0.7858645125837037,0.8744495354613977,8.0,15.0,0.0,15.0,6.75,0.1111111111111111,4.666666666666667,15.0,-0.13246457183058488,-0.6612001792508136,0.5161109320069265,0.4682425647381649,0.08717779813054202,-0.6122595959232486,-0.577753843911512,-0.672564889059937,-0.5593493165130888,0.2552576193296211,-0.1292865540463961,1.2093847469689114,1.0985592852075847,0.047672186415923204,-0.46694996945544887,0.6084787743649303,0.5146221558713721,-0.0938566184935582,-0.6084787743649303,False
mistimed_support,14,0.33061325377075673,0.39253072431658703,0.9117434029583044,1.5608800221081784,-0.2159082075859978,1.2559960203538238,0.7166666666666667,0.5868109748544531,0.48546143910137357,0.020817262686121985,0.42847273107738665,0.0036047707842922377,0.13116852886405958,0.16157407407407406,0.7830357154357805,0.8534787320810702,12.222222222222221,21.0,2.5,18.5,5.75,0.0,2.6666666666666665,18.5,-0.34576944308367674,-0.23863455318774046,0.28002205233456184,0.3098790455680658,0.08877974722008934,-0.6276894948764339,-0.577753843911512,-0.6825100541191852,-0.6116071753203761,1.5943139830259936,-1.0695524016565496,0.08618962563048352,1.684736702755224,0.0013742754078026193,-0.4821561642014836,0.5739219774387878,0.4835304396092862,-0.0903915378295016,-0.5739219774387878,False
mistimed_support,15,0.3684832263232594,0.39429052486328653,0.9329659552734226,1.6259822539561026,-0.03830687325616338,1.2606485725611585,0.7611111111111111,0.5732610801329878,0.45282167603470214,0.0454789341512458,0.41413016314134693,0.003653834228178013,0.1407122905027933,0.18287037037037038,0.7797653962157923,0.8123814075826707,2.6666666666666665,3.0,2.0,1.0,6.222222222222222,0.0,1.3333333333333333,1.0,-0.46385726270549904,0.4944847965789416,0.18614403970562377,0.37034064237607156,-0.18743260809066023,-0.5486112627413592,-0.4343867403650274,-0.6940074725406838,-0.7140189972255548,-1.4361819979710602,-1.0695524016565496,-0.6626071219284683,-1.2461503849829727,0.14677805398878446,-0.5156914161926571,-1.1036229766347625,0.6624694701814415,1.766092446816204,1.1036229766347625,True
mistimed_support,16,0.3779575709687673,0.38386159993870655,0.8939824148994658,1.5537425721578924,0.049289119302899996,0.8873904151219103,0.8222222222222222,0.6904320987654321,0.38943484347993773,0.0624982542019002,0.38211954788841157,0.0029891602666627143,0.13186685288640596,0.1712962962962963,0.8127674142130108,0.919760946078281,4.666666666666667,5.666666666666667,1.5,4.166666666666667,6.75,0.0,3.5555555555555554,4.166666666666667,0.5572923770222541,1.0004193949962419,-0.02337861735106731,-0.4487467654193954,-0.7238404943818839,-0.6219032827689893,-0.5123036444663777,-0.5779827103863593,-0.44643626995821156,-0.8018921414833047,-1.0695524016565496,0.5853874573364514,-0.715799388154156,0.2713965973120084,-0.5764932803923644,-0.5004641184893898,0.8478898777043727,1.3483539961937625,0.5004641184893898,False
mistimed_support,17,0.4025620192490785,0.3783200908013456,0.8463367520778143,1.5706439186983245,0.00957852115960275,1.0462367582533154,0.7611111111111111,0.6919506999391357,0.5404929534126656,0.054794465821344375,0.37709884680756023,0.0036899332575051264,0.13175046554934824,0.16435185185185186,0.7728478445181739,0.8141900405800979,5.333333333333333,10.333333333333334,0.0,10.333333333333334,4.818181818181818,0.1111111111111111,1.1111111111111112,10.333333333333334,0.570527040845414,0.7714083023669267,-0.05624117317622942,0.4148260022178644,0.5544811726008497,-0.6228676514535633,-0.5590537869271878,-0.7183274183838159,-0.7095120030918721,-0.5904621893207197,-0.1292865540463961,-0.7874065798549601,0.31698939514406566,0.42513004306349395,-0.4110559374511179,-0.29754148201950253,0.8361859805146119,1.1337274625341145,0.29754148201950253,False
mistimed_support,18,0.378011848215181,0.31506581323805016,0.9177127152769106,1.6935819611879936,0.22916766995482007,1.1120369777598185,0.7611111111111111,0.5542227068944626,0.4375860833130333,0.03300372041036776,0.3276824768467789,0.002515622720214887,0.15223463687150837,0.2111111111111111,0.8118902996824346,0.923650726587762,6.222222222222222,8.666666666666666,0.0,8.666666666666666,4.666666666666667,0.0,1.6666666666666667,8.666666666666666,-0.629777369916544,0.12363318585795804,-0.3796916615366463,-1.0322939838624468,-0.31636304614597,-0.4531387629685252,-0.24426949435773287,-0.581066370446201,-0.43674319349522367,-0.30855558643727266,-1.0695524016565496,-0.4754079350387302,0.03785729154995149,-0.47953245736441974,-0.4063161734827306,-0.4539146578956502,-0.07321628388168916,0.38069837401396106,0.4539146578956502,False
mistimed_support,19,0.37381475338273784,0.2913009900242527,0.8301897434158482,1.5198720260422016,-0.10527923234448668,0.9437075324537478,0.8,0.7672306169012871,0.42553733143628364,0.05458058564900135,0.4210559655774239,0.0028908349634707182,0.14711359404096833,0.18379629629629632,0.8008992168442134,0.9420469444534143,7.0,11.666666666666666,5.5,6.166666666666666,9.666666666666666,0.0,5.111111111111111,6.166666666666666,1.2265942235143412,0.7650502705077379,0.23147626831761486,-0.56991446924915,-0.41832500364038816,-0.4955709850897848,-0.42815338803691927,-0.6197075763333859,-0.39090103197301995,-0.06188730891425665,-1.0695524016565496,1.458983662821895,-0.38084086384121946,0.41330157327263606,-0.4705315970146996,-0.013324227897532667,0.8838331702873357,0.8971573981848683,0.013324227897532667,False
mistimed_support,20,0.3857544078247443,0.4235245003621269,0.7812604437218187,1.4803028170763046,-0.09389905117930132,0.8640574637832156,0.7055555555555556,0.6357515940849273,0.5482148389520792,0.016593477790225533,0.44732347751221774,0.0033333856377396305,0.11650372439478585,0.14120370370370372,0.7706865370009588,0.8038141481302318,2.6666666666666665,3.3333333333333335,0.0,3.3333333333333335,7.0,0.0,1.3333333333333333,3.3333333333333335,0.08074981294516675,-0.3641953222869891,0.40340794946022157,-0.02455282490449457,0.6198272410733674,-0.749199949132768,-0.7148875951298882,-0.7259258988963825,-0.7353680426918311,-1.4361819979710602,-1.0695524016565496,-0.6626071219284683,-0.855365439951213,0.02385240380347617,-0.46111084895550053,-1.0059267403768226,0.48496325275897667,1.4908899931357993,1.0059267403768226,False
mistimed_support,21,0.3265018836891247,0.3763506439999492,0.8879352242473741,1.5332912373058232,-0.036898945679930566,1.0265101451637773,0.8,0.6388371470830242,0.4290893698792036,0.033978701644976725,0.4874640951353648,0.003178455259757214,0.13873370577281194,0.16805555555555554,0.7937026724083488,0.8408332561062977,5.777777777777778,3.6666666666666665,1.5,2.1666666666666665,11.6,0.1111111111111111,1.0,2.1666666666666665,0.10764051825047219,0.15261652584616886,0.6661448195216987,-0.21547578719578703,-0.38826605675192033,-0.5650055303791184,-0.5341203776147558,-0.6450083732899415,-0.6431188673645882,-0.4495088878789961,-0.1292865540463961,-0.8498063088182062,-1.050757912467093,0.17773151910563817,-0.5551038410800648,-0.6198399158026728,0.7328353601857029,1.3526752759883758,0.6198399158026728,False
mistimed_support,22,0.3821043499019655,0.38162532702933666,0.9107800845162264,1.6374710841560247,0.12783487516929604,1.1981641602234019,0.8277777777777777,0.7034408602150538,0.4313361781311019,0.059768978868132414,0.4315580773479077,0.003997623871481916,0.1509543761638734,0.16805555555555554,0.8221638479754521,0.7640296222317182,5.333333333333333,2.6666666666666665,0.5,2.1666666666666665,6.888888888888889,0.1111111111111111,1.0,2.1666666666666665,0.6706642007259974,0.9192860232839593,0.30021691405251155,0.7939976292072621,-0.3692525547874359,-0.46374681849883986,-0.5341203776147558,-0.544947791355711,-0.8345084570771817,-0.5904621893207197,-0.1292865540463961,-0.8498063088182062,-1.050757912467093,0.6710411918174326,-0.5493151998667848,-0.6550782411631038,1.2203563916842173,1.875434632847321,0.6550782411631038,True
mistimed_support,23,0.41591037408616544,0.3650074248115467,0.8080161894359973,1.4780581264869284,-0.02115057931958993,0.7663506100602503,0.7111111111111111,0.595173322612347,0.6173110514273827,0.010660919042586023,0.45630598412050793,0.0034697860447042315,0.126280260707635,0.15925925925925927,0.7676508587019957,0.7835851951128802,1.6666666666666667,2.3333333333333335,0.0,2.3333333333333335,6.833333333333333,0.0,0.7777777777777778,2.3333333333333335,-0.2728912817438122,-0.5405529393152104,0.4622021537180003,0.14353538409977867,1.2045504681345212,-0.6681929796285452,-0.5933372247317819,-0.7365983933069947,-0.7857772593264061,-1.7533269262149378,-1.0695524016565496,-0.9746057667446981,-1.0228447021076814,-0.05192667081031094,-0.3158710777718413,-1.2050824491809669,0.2639444069615304,1.4690268561424973,1.2050824491809669,False
mistimed_support,24,0.36526745836618946,0.44475002072376496,0.8722542368362001,1.5397519402535813,0.06933598833449689,0.8924349375403283,0.8444444444444444,0.6910004037956794,0.2968974668559749,0.03350546113041249,0.4424184622255816,0.0031722461769086133,0.12057728119180633,0.15138888888888888,0.7656845994069134,0.818897084861171,8.88888888888889,5.333333333333333,0.0,5.333333333333333,8.0,0.2222222222222222,1.8888888888888888,5.333333333333333,0.5622451757916574,0.13854846972064533,0.3713026047913013,-0.223127330463186,-1.5069333954967832,-0.7154470451726752,-0.6463207195207001,-0.7435111453412759,-0.6977823592161055,0.5371642222130681,0.8109792935637573,-0.3506084771122383,-0.5204069156382763,0.2122422299601045,-0.861998932949508,0.11928203075657773,1.0742411629096125,0.9549591321530347,-0.11928203075657773,False
mistimed_support,25,0.3484179479441516,0.38792792056283376,0.8839477935893748,1.5323668197797418,0.05807200442943316,0.9062265928460147,0.8944444444444445,0.7476911054276782,0.2195074580414276,0.043521472320433484,0.43493031903235274,0.0030532128189272537,0.13105214152700187,0.1773148148148148,0.8105990545610134,0.92447256261512,13.777777777777779,13.0,4.0,9.0,6.8,0.2222222222222222,5.111111111111111,9.0,1.0563066785684174,0.4362951825202329,0.3222896243824846,-0.36981387194868026,-2.1618424574443855,-0.6286538635610078,-0.47178685433367573,-0.5856059839967559,-0.4346952323226583,2.087650538072026,0.8109792935637573,1.458983662821895,0.09368371226877438,0.36126940338061364,-0.8565168783316967,1.1128243016816133,1.2177862817123102,0.1049619800306969,-1.1128243016816133,False
mistimed_support,26,0.3252374620062313,0.33870789121102857,0.8824164981563576,1.5756537926354237,-0.04690837756919619,1.0891727873232355,0.8166666666666667,0.7179487179487181,0.41279088240561695,0.05591939382189734,0.4599170313599424,0.0034860227813131614,0.14187616387337057,0.1935185185185185,0.7769431737521035,0.8000301226942763,6.0,4.0,0.0,4.0,9.0,0.1111111111111111,0.6666666666666666,4.0,0.7971007024382954,0.8048491210667464,0.4858379447324875,0.1635441512098169,-0.5261911882513877,-0.5389675758956184,-0.3627031885917853,-0.7039295230687359,-0.7447975844871085,-0.3790322371581344,-0.1292865540463961,-1.0370054957079442,-0.7437125985135675,0.5628329798618366,-0.5753178120589272,-0.5722592213565105,1.1381507919207636,1.7104100132772742,0.5722592213565105,True
mistimed_support,27,0.43058953775542946,0.37238285900844154,0.8234311005700297,1.5016064095199577,-0.022394771483598596,0.9815887387865497,0.8277777777777777,0.7401345699218039,0.3963262065166667,0.08568886643301606,0.4406942703238232,0.0034906405942826107,0.12907355679702048,0.16064814814814812,0.7464492570361059,0.8047938137413773,2.5555555555555554,1.6666666666666667,0.0,1.6666666666666667,8.571428571428571,0.0,0.8888888888888888,1.6666666666666667,0.9904511999741834,1.689808457031643,0.3600170588660655,0.16923474941861022,-0.6655226808674837,-0.6450481311987672,-0.58398719623962,-0.8111365864193956,-0.7329267806067733,-1.471420323331491,-1.0695524016565496,-0.9122060377814522,-1.134497543545327,0.8023778663226254,-0.687724275066408,-1.146919076578705,1.4901021413890334,2.6370212179677384,1.146919076578705,True
mistimed_support,28,0.381063603611952,0.40956376270300265,0.9068933722316056,1.5888137013339962,0.042804801759305906,0.9646345904929838,0.8222222222222222,0.7455132363389244,0.40873411997370507,0.07534246869705293,0.49828572291213097,0.002937151672042518,0.14106145251396648,0.17546296296296296,0.8042382942541477,0.8696288014771413,7.333333333333333,11.0,0.5,10.5,14.666666666666666,0.2222222222222222,2.6666666666666665,10.5,1.0373264711646442,1.3822403187023506,0.7369768290769858,-0.5128377143914675,-0.5605213365421613,-0.5457181566876369,-0.48425355898989164,-0.6079684256446262,-0.5713622676303116,0.04382766716703583,0.8109792935637573,0.08618962563048352,0.34490260550347696,0.6609264761381283,-0.5539647490989255,0.3214747979661884,1.2148912252370536,0.8934164272708652,-0.3214747979661884,False
mistimed_support,29,0.3326227329963235,0.34251066164900906,0.9196650764719806,1.6640877570360177,0.17187878665923667,1.1351761630580617,0.7222222222222222,0.7115977360670672,0.6080755832593817,0.023199304782274718,0.42424225264685655,0.0038416565469884143,0.15735567970204842,0.18472222222222223,0.8628028422023,0.9419912421627834,7.777777777777778,3.6666666666666665,4.0,-0.3333333333333335,10.2,0.1111111111111111,2.3333333333333335,0.3333333333333335,0.7417516670193145,-0.16782340986690034,0.25233182912635893,0.6017968226209247,1.126395782701593,-0.41070654084726554,-0.4219200357088113,-0.4020738119597115,-0.3910398384071961,0.18478096860875934,-0.1292865540463961,-0.10100956125925425,-1.3578032264206181,0.35701422722492443,-0.0998688888442783,-0.3508295932793773,0.45688311606920273,0.8077127093485801,0.3508295932793773,False
mistimed_support,30,0.3394951913492996,0.34727145409536053,0.9300144349196879,1.6777054444028352,0.19926466099204782,1.0988959356569112,0.7555555555555555,0.5478761978761978,0.4960762442676103,0.05462570455684515,0.4126854784415163,0.0034925715206626344,0.15828677839851021,0.19490740740740742,0.8130975333315162,0.803499150654466,5.444444444444445,5.0,0.0,5.0,8.666666666666666,0.1111111111111111,1.0,5.0,-0.6850874241703147,0.766391523651403,0.17668798350283332,0.17161425813240405,0.17860700271033458,-0.40299159137067314,-0.35335316009962314,-0.5768221149279114,-0.7361529956244719,-0.5552238639602887,-0.1292865540463961,-0.8498063088182062,-0.5762333363570992,0.10740158527908142,-0.378142571862469,-0.5276375157954976,0.4855441571415504,1.013181672937048,0.5276375157954976,False
mistimed_support,31,0.37975084147875593,0.386265780749795,0.9165449080000894,1.565572242822117,0.17737372179598232,0.8471774230053833,0.8555555555555555,0.8064721578286487,0.32076958007150036,0.05574584522025327,0.38062389251950873,0.003479797166968819,0.13512569832402233,0.16712962962962963,0.7883621247218693,0.8265066291646179,5.111111111111111,12.333333333333334,0.0,12.333333333333334,4.142857142857143,0.0,2.7777777777777777,12.333333333333334,1.5685856634457291,0.7996900288223239,-0.03316829756987822,0.15587223593933405,-1.3049168366131778,-0.5949009596009153,-0.5403537299428638,-0.6637840667990427,-0.6788198767310345,-0.6609388400415814,-1.0695524016565496,0.14858935459372952,0.6519479194570024,0.6227449076593772,-0.7565550939374066,-0.23248849191184978,1.3793000015967838,1.6117884935086335,0.23248849191184978,True
reactive_noise,0,-0.2991229462623484,-0.14864384036323947,0.910824469919237,1.6676679432423769,-0.028275309594810075,1.1175954166859283,0.8166666666666667,0.6155216284987278,0.43554363589591577,-0.01989092380721945,0.25398205462901596,0.003096668551553605,0.2699022346368715,0.31527777777777777,1.123471457499895,1.2181852695116941,8.666666666666666,10.666666666666666,0.5,10.166666666666666,5.666666666666667,0.0,3.2222222222222223,10.166666666666666,-0.09555506441409156,-1.4487698538053084,-0.8620912707678269,-0.31626273943609445,-0.33364715481207846,0.5218379771358711,0.45698264255441917,0.5143554225661788,0.29721746022138784,0.4666875714922061,-1.0695524016565496,0.39818827044671357,0.289076184784654,-0.6806697321058304,0.29134926953315576,0.021099906266756008,-0.9720190016389861,-0.9931189079057421,-0.021099906266756008,False
reactive_noise,1,-0.45933678148078627,-0.45915777625699106,0.9027488258469952,1.721414256462412,0.12485552244833097,1.1988456211453695,0.7611111111111111,0.6253127747345641,0.47448627042346203,0.009247087666494366,0.20611516838458535,0.0025455847369766963,0.33729050279329614,0.40046296296296297,1.3631062196037953,1.5629100350576552,10.666666666666666,11.0,0.0,11.0,7.75,0.3333333333333333,1.3333333333333333,11.0,-0.01022487297306971,-0.5825820102395337,-1.1753997502118076,-0.9953713540278046,-0.004097066385036457,1.0802074455042645,1.030451056740357,1.3568362150848836,1.1562488382073783,1.1009774279799616,1.7512451411739107,-0.6626071219284683,0.42864223658171113,-0.6908944968630539,0.9239292978303695,0.6545644209517788,-1.6148237946934234,-2.2693882156452023,-0.6545644209517788,False
reactive_noise,2,-0.28104382623015256,-0.07135622909582398,1.1257864858725513,1.7169303365194553,0.019327567361654887,1.248355932221852,0.6777777777777778,0.5126667545285478,0.6666255812817198,-0.005212025578857387,0.28111666436519783,0.0031272123367096236,0.2517458100558659,0.3027777777777778,1.0552403724571318,1.2278080845891597,7.666666666666667,9.666666666666666,0.0,9.666666666666666,7.285714285714286,0.1111111111111111,4.222222222222222,9.666666666666666,-0.9919389887389607,-1.0124091497189414,-0.6844840774915326,-0.27862318793227203,1.6218721997379422,0.371396462342314,0.3728323861249612,0.2744762911056324,0.3211968806816723,0.1495426432483286,-0.1292865540463961,0.9597858311159274,0.20533655370641987,-0.7418638509704267,0.5923548439985045,0.2963446185060699,-1.3342186949689312,-1.630563313475001,-0.2963446185060699,False
reactive_noise,3,-0.4775652518988171,-0.5259253549169475,1.2264539662203604,1.7525895122508177,0.09716791736792574,1.1955300396277992,0.6388888888888888,0.5815391191156185,0.7047544430497141,0.005131975794342474,0.236213760341866,0.0029710274796960847,0.3518389199255121,0.35185185185185186,1.3288560484705216,1.2501605410320027,4.0,5.0,0.0,5.0,6.142857142857143,0.0,2.4444444444444446,5.0,-0.39171385537298836,-0.7049122482445108,-0.9783920728921316,-0.47109206301273615,1.9445357770667133,1.200753531076024,0.7032000595146861,1.2364233373081999,0.3768977277880784,-1.01332209364589,-1.0695524016565496,-0.03860983229600825,-0.5762333363570992,-0.6365275598805917,1.0923620865507402,-0.6744294159888867,-1.728889646431332,-1.0544602304424453,0.6744294159888867,False
reactive_noise,4,-0.3616676417864427,-0.210618161829166,0.9996525359360595,1.8051607981124278,0.3037924177022387,1.3357880647702034,0.7444444444444445,0.5732474323062559,0.4782380452367296,-0.007220861561635145,0.25170242526739656,0.002323664373537309,0.287243947858473,0.3643518518518518,1.2520789775266448,1.5964304531862408,11.11111111111111,13.0,0.0,13.0,4.857142857142857,0.2222222222222222,5.666666666666667,13.0,-0.46397620400611306,-1.0721259670305592,-0.8770123835667177,-1.2688470515144312,0.027652139503848597,0.6655289111374092,0.7873503159441441,0.9664991952172581,1.239779509205329,1.241930729421685,0.8109792935637573,1.7709823076381253,0.7636007608946479,-0.9204904015294553,0.7373620142015979,1.1468732728795539,-1.6578524157310532,-2.804725688610607,-1.1468732728795539,False
reactive_noise,5,-0.07368553333330675,-0.10912615782472328,1.0341094754002997,1.638967305405788,0.007886593494887517,1.0604108818593683,0.8166666666666667,0.6074074074074074,0.40894772700526716,-0.02573692310468354,0.25578523977663875,0.0029497096504970117,0.25465549348230915,0.3398148148148148,1.096332255912266,1.4266059541071143,7.222222222222222,7.666666666666667,0.0,7.666666666666667,5.4,0.1111111111111111,0.6666666666666666,7.666666666666667,-0.16627079293451316,-1.6225543115925387,-0.8502886815232967,-0.497362334558635,-0.5587136977680015,0.39550567945666654,0.6221664792492816,0.4189424872260332,0.8165880589807522,0.008589341806605097,-0.1292865540463961,-1.0370054957079442,-0.12962197060651673,-0.7841190301522458,0.33889780142894643,-0.32183116963856295,-1.1230168315811921,-0.8011856619426292,0.32183116963856295,False
reactive_noise,6,-0.20369811494477577,-0.0927332332407993,1.4077112242888643,1.7417080847106943,0.09409232188628758,1.1123394754767129,0.7833333333333333,0.45750066613375967,0.42753540633654197,-0.013797861577702845,0.25648205489553,0.0019923763015139936,0.2567504655493483,0.30277777777777776,1.0462465938994194,1.186536140223907,11.0,20.0,0.0,20.0,3.5,0.3333333333333333,2.111111111111111,20.0,-1.4727134323429607,-1.267640937782393,-0.845727739659676,-1.677098169895108,-0.4014163951691709,0.4128643157790001,0.3728323861249609,0.242856981701123,0.21834991758607417,1.2066924040612543,1.7512451411739107,-0.22580901918574628,1.9359555959899264,-1.3157950699200343,0.16909744120439746,1.1670210305098363,-1.4848925111244318,-2.651913541634268,-1.1670210305098363,False
reactive_noise,7,-0.3074923410932388,-0.2270297990662282,0.7840125562938157,1.5855217615356,-0.17484668772724943,1.1336614357236956,0.7277777777777777,0.519047619047619,0.5569292540511739,-0.004179012239421017,0.2588921942534213,0.001852760719662828,0.28619646182495345,0.34027777777777773,1.1330749047318112,1.2424059837476982,7.666666666666667,13.333333333333334,0.0,13.333333333333334,8.333333333333334,0.1111111111111111,1.5555555555555556,13.333333333333334,-0.9363295250605685,-0.9817006850157723,-0.8299523851982841,-1.8491484857606784,0.6935725410854964,0.6568495929762423,0.6252831554133355,0.548118136138379,0.35757388251964417,0.1495426432483286,-0.1292865540463961,-0.5378076640019762,0.8194271816134707,-1.149282770258826,0.5762794616266195,0.07546890170335677,-1.7255622318854456,-1.8010311335888023,-0.07546890170335677,False
reactive_noise,8,-0.03482135381563035,-0.6315346365373861,1.1777279622426622,1.6066511372495471,-0.17923385323226654,1.144433032522032,0.6444444444444445,0.5828366095962799,0.565729373336007,0.044135039296158834,0.18770583646512015,0.0026203081834794105,0.36277932960893855,0.45462962962962966,1.385229731860571,1.5987254180935637,3.5555555555555554,5.333333333333333,0.0,5.333333333333333,9.5,0.0,1.6666666666666667,5.333333333333333,-0.38040617918871117,0.45453473383848825,-1.295896407583965,-0.9032885621008898,0.7680431084641337,1.2914041874259878,1.3951021679346762,1.4346155571792683,1.2454984103804299,-1.1542753950876135,-1.0695524016565496,-0.4754079350387302,-0.5204069156382763,-0.5312641037587694,1.2269326862768992,-0.8049106618552924,-1.7581967900356688,-0.9532861281803764,0.8049106618552924,False
reactive_noise,9,-0.26243557537840295,-0.09901170359828038,1.1522697562024555,1.721485456774334,0.02858581668903581,1.1092136453326666,0.6388888888888888,0.5511259289194226,0.6136986040051977,0.00620265155689362,0.27272504944524584,0.003165927775251546,0.267108938547486,0.3490740740740741,1.1291171229851003,1.245214839999966,0.8888888888888888,2.0,0.5,1.5,5.444444444444445,0.0,0.7777777777777778,1.5,-0.6567659012994517,-0.6730841898761848,-0.7394106523521543,-0.23091358889115177,1.1739803132936353,0.4986931287060929,0.684500002530362,0.5342038147214413,0.3645733670305084,-1.999995203737954,-1.0695524016565496,-0.9746057667446981,-1.1624107539047384,-0.5750435831047356,0.651190125256408,-1.301641031510985,-1.2262337083611436,0.07540732314984133,1.301641031510985,False
reactive_noise,10,-0.2290267652160253,-0.4941922196490913,0.9849646166227245,1.6959527371456646,0.08251841155836946,1.0714239204865843,0.7166666666666667,0.4193020719738277,0.4812938132064748,-0.053582618236708505,0.20091375347049537,0.0025283880056011627,0.34497206703910616,0.4222222222222222,1.4544394511114942,1.6934342177494968,14.11111111111111,23.333333333333332,0.5,22.833333333333332,2.8,0.4444444444444444,4.333333333333333,22.833333333333332,-1.8056155537018377,-2.4503253707383434,-1.2094451524836212,-1.016563136676893,0.053511422442955654,1.1438557786861534,1.1769348364508954,1.6779352600996391,1.4815064922105357,2.193365514153318,2.6915109887840645,1.0221855600791732,2.41048017209992,-1.6204873034001737,1.106748757978036,2.079385558779119,-2.7272360613782096,-4.806621620157328,-2.079385558779119,False
reactive_noise,11,-0.2724668248896137,-0.060301757677086364,0.9164844846063169,1.665148396366205,-0.0496115674297851,1.1558099380054356,0.6833333333333333,0.6002072551274679,0.595227298265626,0.031729668168003114,0.29842534315569225,0.003154916553609324,0.2582635009310987,0.3050925925925926,1.1313819343090659,1.3651802342754404,4.222222222222222,9.333333333333334,1.0,8.333333333333334,7.833333333333333,0.0,2.111111111111111,8.333333333333334,-0.22902037890260296,0.0857593396828499,-0.5711916480374429,-0.244482877766298,1.0176678163686275,0.4254011086784627,0.388415766945231,0.5421661822108984,0.66351921674885,-0.9428454429250281,-1.0695524016565496,-0.22580901918574628,-0.017969129168871105,-0.23973389125587352,0.6074340181904139,-0.5640439982340488,-0.8471679094462874,-0.28312391121223857,0.5640439982340488,False
reactive_noise,12,-0.08872712538061166,-0.14439992694850334,1.2167385602581744,1.64325483990786,0.03459635121407966,1.0798067331263201,0.7444444444444445,0.5322397200349956,0.43852169031345817,0.022836733330281037,0.2502557235567509,0.002967625376203559,0.2782821229050279,0.3587962962962963,1.147988188090532,1.3361861068943968,9.0,11.333333333333334,0.5,10.833333333333334,8.25,0.1111111111111111,3.2222222222222223,10.833333333333334,-0.8213598906941596,-0.17860159850287627,-0.8864816419357877,-0.4752845247189116,-0.30844551890458927,0.5912725224252046,0.749950201975496,0.6005485709918318,0.5912677637434565,0.5724025475734988,-0.1292865540463961,0.39818827044671357,0.40072902622229983,-0.5904319139629338,0.4449187080462799,0.31050832254902905,-1.0353506220092137,-1.3458589445582427,-0.31050832254902905,False
reactive_noise,13,-0.23632987720734,-0.3539339533008614,0.9999134213032088,1.7653488608632169,0.013239520945236628,1.3051807110640072,0.6333333333333333,0.45239130434782604,0.6095170291795666,-0.0024387316408869195,0.23333475519413702,0.002801194886027414,0.3290270018621974,0.4749999999999999,1.2179316359213979,1.6199972605334938,8.11111111111111,8.666666666666666,3.0,5.666666666666666,6.25,0.1111111111111111,2.111111111111111,5.666666666666666,-1.5172417039910164,-0.9299672336715212,-0.9972363470013821,-0.6803792428356371,1.1385939463908965,1.0117372688995043,1.532235919153052,0.8464478338645927,1.2985064386679643,0.2904959446900518,-0.1292865540463961,-0.22580901918574628,-0.46458049491945363,-1.0312061318748893,1.165504281395202,-0.13229503086538605,-2.1967104132700914,-2.0644153824047056,0.13229503086538605,False
reactive_noise,14,-0.3964001153965034,-0.43042966417449247,1.0237949388883654,1.8176269893602455,0.21164591679881542,1.2891749105756585,0.75,0.43970588235294117,0.4620438978496567,-0.08952758920276778,0.20712508628097584,0.0027470029019983295,0.33833798882681565,0.43240740740740735,1.3821035888887236,1.8108538330524135,12.222222222222221,18.0,0.0,18.0,9.5,0.2222222222222222,6.777777777777778,18.0,-1.6277956127225426,-3.5188642075842647,-1.1687894217508001,-0.7471608143906328,-0.10939001925496408,1.0888867636654307,1.2455017120600833,1.4236250173038103,1.7741084286466957,1.5943139830259936,0.8109792935637573,2.3949795972705847,1.6009970716769897,-1.7656525141120598,1.0845463804842113,1.6003174863843315,-2.850198894596271,-4.450516380980602,-1.6003174863843315,False
reactive_noise,15,-0.13525942956420817,0.044944179030373295,1.2549384260718004,1.7558849088532738,0.001387663697401425,1.3948732452099786,0.8166666666666667,0.6205839584052558,0.3371486862910389,0.039831062104395284,0.2924608319686259,0.0032662171559527413,0.2139199255121043,0.27777777777777773,1.0412410052502357,1.2827337866950406,7.0,16.0,0.0,16.0,6.333333333333333,0.1111111111111111,4.666666666666667,16.0,-0.05143667728587123,0.3265900823699718,-0.6102318296173301,-0.10732552372807243,-1.166309473025932,0.05797663985573795,0.20453187326604422,0.22525889928952977,0.4580681074765807,-0.06188730891425665,-0.1292865540463961,1.2093847469689114,1.266038547364053,-0.11060098706532549,-0.04409479062760787,0.5710623578430779,-0.06650619643771763,-0.6375685542807955,-0.5710623578430779,False
reactive_noise,16,-0.2407037664104491,-0.06563917067226635,1.0702734396088784,1.5752205334610292,-0.18794775479937403,1.058351485467668,0.7166666666666667,0.6966490299823632,0.5976786529959308,0.018944463770419435,0.2990742643896569,0.0025899526049615925,0.24697392923649905,0.3833333333333333,1.106058976196672,1.5801316429295416,3.7777777777777777,8.666666666666666,0.0,8.666666666666666,4.666666666666667,0.0,2.0,8.666666666666666,0.6114731560790266,-0.29430738644501814,-0.5669441913707576,-0.9406961838220832,1.0384122826313442,0.3318573462747768,0.9151340386703585,0.4531385902532775,1.199163949101401,-1.0837987443667516,-1.0695524016565496,-0.2882087481489923,0.03785729154995149,-0.29761865138970806,0.7875412413862316,-0.6009256506555855,-1.0851598927759396,-0.48423424212035415,0.6009256506555855,False
reactive_noise,17,-0.4159480614448577,-0.055055904162695894,0.9825785677318426,1.6787624057574047,-0.00415179703088957,1.240756335387333,0.6166666666666667,0.4937917359991964,0.6377278510113522,0.009940839738637184,0.3061688254329857,0.0030016340680624177,0.2530260707635009,0.26851851851851855,1.102301714236095,1.1587804350728095,4.555555555555555,3.6666666666666665,0.0,3.6666666666666665,6.5,0.1111111111111111,0.6666666666666666,3.6666666666666665,-1.1564354537868877,-0.5619587905705874,-0.5205073681887094,-0.4333751181977322,1.3773266089869074,0.3820045178726291,0.1421983499849645,0.43992923362047454,0.14918453109242172,-0.8371304668437356,-0.1292865540463961,-1.0370054957079442,-0.7995390192323903,-0.6680691826859793,0.4981286483114795,-0.7007403839576165,-1.1661978309974588,-0.46545744703984226,0.7007403839576165,False
reactive_noise,18,-0.037934750787122634,-0.3181065447452553,1.1082065206254226,1.6120766031958769,-0.030051456327517892,0.8810722647191889,0.7666666666666667,0.6490690574475404,0.4447302342456129,0.031965685650995376,0.23774167517646613,0.003483687023681289,0.3013268156424581,0.3606481481481481,1.289667967972774,1.5831964514428398,7.666666666666667,12.0,0.0,12.0,6.4,0.2222222222222222,3.888888888888889,12.0,0.19681198491858976,0.09277544902927241,-0.9683912411876425,0.16066576304554003,-0.2559060277615977,0.782217521970873,0.7624169066317119,1.0986503162941847,1.2068012497643577,0.1495426432483286,0.8109792935637573,0.7725866442261894,0.5961214987381795,-0.1295345110485601,0.7188359933799059,0.5823075199441137,-0.848370504428466,-1.4306780243725796,-0.5823075199441137,False
reactive_noise,19,-0.12774616294988916,-0.3097494390053769,1.1916835122376843,1.631302373231224,-0.024306825164015618,1.0012653098469042,0.7722222222222223,0.6361775362318841,0.38388187217518416,0.037662791804929784,0.22751709405689094,0.0026197650055340494,0.29515828677839856,0.38842592592592595,1.2365334881082457,1.6069289897814243,9.222222222222221,14.666666666666666,0.0,14.666666666666666,5.75,0.2222222222222222,2.4444444444444446,14.666666666666666,0.08446191406868944,0.26213374921710547,-1.0353153345403507,-0.9039579281976499,-0.7708322350978316,0.731105981688447,0.9494174764749529,0.9118461218053734,1.2659411699259147,0.6428791982943604,0.8109792935637573,-0.03860983229600825,1.0427328644887617,-0.39816939986305144,0.6174957029593713,0.6144953810127178,-1.0156651028224228,-1.6301604838351407,-0.6144953810127178,False
reactive_noise,20,-0.463262332781816,-0.37070092840292285,0.966759254365311,1.689639132837917,-0.012085985452304252,1.1800217483265814,0.6666666666666666,0.617661599307873,0.6554954437821198,0.017537480848230813,0.2348067293174858,0.0022771930647464546,0.3085428305400372,0.3768518518518518,1.2223425928992588,1.570692325344607,5.888888888888889,11.333333333333334,4.5,6.833333333333334,5.636363636363637,0.1111111111111111,2.0,6.833333333333334,-0.07690514187956618,-0.33613287286861526,-0.9876016702853683,-1.326114322474748,1.527683970264053,0.8420083804144658,0.8715005723736023,0.8619553775024518,1.175641792289164,-0.41427056251856514,-0.1292865540463961,-0.2882087481489923,-0.26918802240357365,-0.6816885018770744,1.0557580185687474,-0.2752384717793818,-1.7374465204458218,-1.46220804866644,0.2752384717793818,False
reactive_noise,21,-0.24841654714219613,-0.10203858572877825,1.051939091986645,1.6855465564166041,0.0039016001730286594,1.0274346073381664,0.7666666666666667,0.6513520296128992,0.4743167651671974,0.021743915670926844,0.3296867485863359,0.0027828480925835325,0.2636173184357542,0.3347222222222223,1.145932861598476,1.389397840686462,4.111111111111111,4.0,1.0,3.0,6.285714285714286,0.0,1.0,3.0,0.21670816941347376,-0.21108787069137291,-0.36657287775141106,-0.7029882637292019,-0.005531496101170471,0.4697620681688707,0.5878830414446883,0.593322686580449,0.7238678945522394,-0.9780837682854592,-1.0695524016565496,-0.8498063088182062,-0.9111918606700359,-0.265985210689628,0.4738608389290153,-0.9521585848575627,-0.7398460496186433,0.21231253523891935,0.9521585848575627,False
reactive_noise,22,-0.21723728320048813,-0.06485120796131968,1.1745102962691407,1.6235340862995757,-0.11736651090951718,1.1016972169376351,0.8666666666666667,0.6027472527472527,0.3146025001146468,0.0077763776218297475,0.28329976366187853,0.002896283774948789,0.2530260707635009,0.3009259259259259,1.1369599259700793,1.410709030375989,11.444444444444445,6.333333333333333,0.5,5.833333333333333,4.333333333333333,0.2222222222222222,1.3333333333333333,5.833333333333333,-0.2068842083322256,-0.6263019175931223,-0.6701947937134837,-0.5631998194696333,-1.3571054409481034,0.3820045178726291,0.36036568146874465,0.5617766543893707,0.7769739735904583,1.3476457055029778,0.8109792935637573,-0.6626071219284683,-0.43666728456004217,-0.5166451847771163,0.14480307727461988,0.26483764814455624,-0.6614482620517361,-0.9262859101962924,-0.26483764814455624,False
reactive_noise,23,-0.1866098634093609,-0.443611948921969,0.8003420513059695,1.6735226253922646,-0.016937701594984127,1.0700584223291227,0.6833333333333333,0.5107505070993915,0.580968121962103,0.009273521237969243,0.24499276885654764,0.0025906772883894052,0.33938547486033516,0.3865740740740741,1.3015220179444027,1.5097901294399854,6.555555555555555,10.666666666666666,6.0,4.666666666666666,5.666666666666667,0.0,2.2222222222222223,4.666666666666666,-1.008639153973936,-0.5817962174858237,-0.9209298474464417,-0.9398031458745664,0.8970002532021228,1.097566081826597,0.9369507718187371,1.1403254444223982,1.0238775371522797,-0.20284061035598017,-1.0695524016565496,-0.16340929022250028,-0.632059757075922,-0.8627920911951918,1.0191440176844269,-0.516965514827738,-1.8819361088796187,-1.3649705940518806,0.516965514827738,False
reactive_noise,24,-0.3080250811925327,-0.08428273841421458,1.036074176789457,1.6538096378822609,-0.06181740390978755,1.1114049274536657,0.7333333333333333,0.5256832669174886,0.45247456598358266,0.0026193022544291583,0.263745465751058,0.0028244712528388938,0.2564013035381751,0.29305555555555557,1.125826978220264,1.2219011683980212,5.111111111111111,14.666666666666666,0.0,14.666666666666666,6.2,0.0,4.333333333333333,14.666666666666666,-0.8784996153204025,-0.7796066822516402,-0.7981857249336364,-0.6516954368519534,-0.19037000946137195,0.4099712097252779,0.3073821866798269,0.5226366958917501,0.306477235148561,-0.6609388400415814,-1.0695524016565496,1.0221855600791732,1.0427328644887617,-0.7769968648394081,0.27121946359680876,0.08360679571745094,-1.048216328436217,-1.1318231241536678,-0.08360679571745094,False
reactive_noise,25,-0.38107526140956305,-0.4899530125768989,0.9295384656757041,1.5685372062858018,-0.2838431602722147,1.0758570388356372,0.6777777777777778,0.6508705768191693,0.6699440883304523,0.016130112015876892,0.22360904715669216,0.0021289508856451632,0.32867783985102417,0.3782407407407407,1.2799833884183571,1.4084823426137034,6.666666666666667,5.333333333333333,1.0,4.333333333333333,3.3636363636363638,0.1111111111111111,3.4444444444444446,4.333333333333333,0.21251229100769292,-0.3779698312725221,-1.060895110622809,-1.5087953198305222,1.6499548989344226,1.0088441628457816,0.8808506008657644,1.0646023668790743,0.7714252145572876,-0.16760228499554913,-0.1292865540463961,0.5229877283732056,-0.6878861777947447,-0.6837869926795401,1.075135448816466,-0.11544682211587108,-1.758922441496006,-1.643475619380135,0.11544682211587108,False
reactive_noise,26,-0.3385232045370091,-0.23812156909664423,1.0876414772082355,1.644173863075819,0.09881232150094839,0.8871438798007938,0.6777777777777778,0.6380308521041216,0.6603268853064433,0.031117180189224384,0.2821708125342015,0.0025463652098730214,0.29457635009310984,0.36712962962962964,1.1753487150886164,1.4088219577610341,5.666666666666667,7.666666666666667,0.0,7.666666666666667,5.375,0.0,3.4444444444444446,7.666666666666667,0.10061362852270196,0.06755186378742331,-0.6775842436846568,-0.994409565905327,1.5685698014587728,0.7262841382655759,0.8060503729284684,0.6967396171768641,0.7722715131037073,-0.4847472132394269,-1.0695524016565496,0.5229877283732056,-0.12962197060651673,-0.3759570793199646,0.9139830885866778,-0.2902334642823219,-1.2899401679066425,-0.9997067036243206,0.2902334642823219,False
reactive_noise,27,-0.056212780760201315,-0.2838185627525531,1.045505806085144,1.6197248131344073,-0.06944277851756998,0.9163360419249655,0.7888888888888889,0.6576865772721115,0.5039354765474615,0.047438759541228594,0.23152120111036387,0.0038637420348979295,0.2972532588454376,0.3768518518518518,1.1873960851404148,1.33738003534627,10.0,11.333333333333334,3.0,8.333333333333334,7.142857142857143,0.2222222222222222,4.222222222222222,8.333333333333334,0.27191397999308653,0.552744672337659,-1.0091068052023788,0.629013091181321,0.24511536107426518,0.7484646180107797,0.8715005723736023,0.7390943981773126,0.5942429546950115,0.8895474758173766,0.8109792935637573,0.9597858311159274,-0.017969129168871105,0.11114123457742192,0.6396835808661943,0.6605858678320475,-0.5285423462887724,-1.18912821412082,-0.6605858678320475,False
reactive_noise,28,-0.13349683065073048,-0.016178073653330433,1.0623717941729507,1.6484203274193776,0.00802909238492633,1.092318617993957,0.7777777777777778,0.5288223793916393,0.4144061465015606,0.007367152902618584,0.2775296471565949,0.0035980247059526653,0.23708100558659218,0.31157407407407406,1.0231651022205241,1.2273518013880107,7.444444444444445,10.666666666666666,0.0,10.666666666666666,5.166666666666667,0.2222222222222222,0.6666666666666666,10.666666666666666,-0.8511421372558023,-0.6384669713884747,-0.7079625820599709,0.3015657549325361,-0.5125220969813884,0.24988600808598005,0.4320492332419871,0.1617096839074984,0.3200598530404638,0.07906599252746685,0.8109792935637573,-1.0370054957079442,0.37281581586288826,-0.47400148394292796,0.1302365362589082,0.056463901561542046,-0.6042380202018361,-0.6607019217633782,-0.056463901561542046,False
reactive_noise,29,-0.16232570614630445,-0.4951069262163802,1.0936989523649776,1.6752312709821384,0.013122247989891506,1.0984192167987679,0.7611111111111111,0.5561570165823767,0.5011481093901646,-0.0011101205370909171,0.20351521431909556,0.002770909177397711,0.3405493482309125,0.4773148148148148,1.3532647064252217,1.9004024113270301,5.555555555555555,2.0,0.0,2.0,6.333333333333333,0.1111111111111111,1.5555555555555556,2.0,-0.612919791447149,-0.8904715121473261,-1.1924175200897802,-0.7177007628756266,0.22152740652753156,1.1072097686723383,1.5478192999733225,1.3222365361840693,1.9972575791584075,-0.5199855385998579,-0.1292865540463961,-0.5378076640019762,-1.0786711228265042,-0.8533773966399705,1.2392101181031339,-0.5664377198686836,-2.092587514743104,-1.5261497948744205,0.5664377198686836,False
reactive_noise,30,-0.5426749322278701,-0.03681819589738448,1.2812486180286455,1.7433724132036672,0.10130222571178987,1.0731817137634245,0.7055555555555556,0.4944930828942815,0.5400322642550184,-0.012020154795306713,0.2933444771498608,0.003464561718964463,0.2397579143389199,0.2884259259259259,1.08725080722642,1.319964399328954,10.666666666666666,12.666666666666666,0.0,12.666666666666666,9.0,0.3333333333333333,3.4444444444444446,12.666666666666666,-1.1503231903825135,-1.2147949154748967,-0.604448008069236,0.13709737136657263,0.5505826137467327,0.2720664878311838,0.27621542503928664,0.38701495710103345,0.5508443384605111,1.1009774279799616,1.7512451411739107,0.5229877283732056,0.707774340175825,-0.7081171856400184,0.4073447644357495,1.0207461594257257,-1.1154619500757679,-2.1362081095014935,-1.0207461594257257,False
reactive_noise,31,-0.21615714873383338,-0.31415965012071684,1.3092235850917673,1.6306584440772645,-0.022933485865811645,1.1311467912784676,0.7333333333333333,0.5824471665096245,0.4963101435854963,0.01083597411318599,0.2564752779168114,0.0029139964384468776,0.3058659217877095,0.38518518518518513,1.2501158635962013,1.5653516620900843,5.444444444444445,4.666666666666667,0.0,4.666666666666667,7.666666666666667,0.1111111111111111,1.0,4.666666666666667,-0.38380018968955154,-0.535349064155609,-0.8457720977757796,-0.54137224614823,0.18058636393813812,0.819827900669262,0.9276007433265743,0.9595975013002151,1.1623332117245333,-0.5552238639602887,-0.1292865540463961,-0.8498063088182062,-0.6320597570759219,-0.5765733994422926,0.8099891441917446,-0.5415941209752032,-1.3865625436340372,-0.844968422658834,0.5415941209752032,False
